vin,lines,destination,departure,car_type,capacity,price,taken_by
LFBJDBB43WJ000118,AD1,airport,downtown,JS6127GHBEV,22,10,131
LFBJDBB43WJ000119,HA1,hotel,airport,JS6127GHBEV,22,5,132
LFBJDBB43WJ000120,DH1,downtown,hotel,JS6199GHBRH,30,5,133
LFBJDBB43WJ000121,AD2,airport,downtown,JS6127GHBEV,22,10,134
LFBJDBB43WJ000122,HA2,hotel,airport,JS6127GHBEV,22,5,124
LFBJDBB43WJ000123,DH2,downtown,hotel,JS6199GHBRH,30,5,125
LFBJDBB43WJ000118,DA1,downtown,airport,JS6127GHBEV,22,10,131
LFBJDBB43WJ000119,AH1,airport,hotel,JS6127GHBEV,22,5,132
LFBJDBB43WJ000120,HD1,hotel,downtown,JS6199GHBRH,30,5,133
LFBJDBB43WJ000121,DA2,downtown,airport,JS6127GHBEV,22,10,134
LFBJDBB43WJ000122,AH2,airport,hotel,JS6127GHBEV,22,5,124
LFBJDBB43WJ000123,HD2,hotel,downtown,JS6199GHBRH,30,5,125
