record,staff No.,room No.,linens,L-qty,L-type,reusable,cost,date
1,102,11,comforter,1,good,yes,0.5,2014/1/1
2,104,12,comforter,1,good,yes,0.5,2014/1/1
3,106,13,comforter,1,good,yes,0.5,2014/1/1
4,108,14,comforter,1,good,yes,0.5,2014/1/1
5,109,15,comforter,1,good,yes,0.5,2014/1/1
6,112,16,comforter,1,good,yes,0.5,2014/1/1
7,113,17,comforter,1,good,yes,0.5,2014/1/1
8,117,18,comforter,1,good,yes,0.5,2014/1/1
9,118,19,comforter,1,good,yes,0.5,2014/1/1
10,119,20,comforter,1,good,yes,0.5,2014/1/1
11,102,21,comforter,1,good,yes,0.5,2014/1/1
12,104,22,comforter,1,good,yes,0.5,2014/1/1
13,106,23,comforter,1,good,yes,0.5,2014/1/1
14,108,24,comforter,1,good,yes,0.5,2014/1/1
15,109,25,comforter,1,good,yes,0.5,2014/1/1
16,112,26,comforter,1,good,yes,0.5,2014/1/1
17,113,27,comforter,1,good,yes,0.5,2014/1/1
18,117,28,comforter,1,good,yes,0.5,2014/1/1
19,118,29,comforter,1,good,yes,0.5,2014/1/1
20,119,30,comforter,1,good,yes,0.5,2014/1/1
21,102,31,comforter,1,good,yes,0.5,2014/1/1
22,104,32,comforter,1,good,yes,0.5,2014/1/1
23,106,33,comforter,1,good,yes,0.5,2014/1/1
24,108,34,comforter,1,good,yes,0.5,2014/1/1
25,109,35,comforter,1,good,yes,0.5,2014/1/1
26,112,36,comforter,1,good,yes,0.5,2014/1/1
27,113,37,comforter,1,good,yes,0.5,2014/1/1
28,117,38,comforter,1,good,yes,0.5,2014/1/1
29,118,39,comforter,1,good,yes,0.5,2014/1/1
30,119,40,comforter,1,good,yes,0.5,2014/1/1
31,102,41,comforter,1,good,yes,0.5,2014/1/1
32,104,42,comforter,1,good,yes,0.5,2014/1/1
33,106,43,comforter,1,good,yes,0.5,2014/1/1
34,108,44,comforter,1,good,yes,0.5,2014/1/1
35,109,45,comforter,1,good,yes,0.5,2014/1/1
36,112,46,comforter,1,good,yes,0.5,2014/1/1
37,113,47,comforter,1,good,yes,0.5,2014/1/1
38,117,48,comforter,1,good,yes,0.5,2014/1/1
39,118,49,comforter,1,good,yes,0.5,2014/1/1
40,119,50,comforter,1,good,yes,0.5,2014/1/1
41,102,51,comforter,1,good,yes,0.5,2014/1/1
42,104,52,comforter,1,good,yes,0.5,2014/1/1
43,106,53,comforter,1,good,yes,0.5,2014/1/1
44,108,54,comforter,1,good,yes,0.5,2014/1/1
45,109,55,comforter,1,good,yes,0.5,2014/1/1
46,112,56,comforter,1,good,yes,0.5,2014/1/1
47,113,57,comforter,1,good,yes,0.5,2014/1/1
48,117,58,comforter,1,good,yes,0.5,2014/1/1
49,118,59,comforter,1,good,yes,0.5,2014/1/1
50,119,60,comforter,1,good,yes,0.5,2014/1/1
51,102,61,comforter,1,good,yes,0.5,2014/1/1
52,104,11,comforter,1,good,yes,0.5,2014/1/1
53,106,12,comforter,1,good,yes,0.5,2014/1/1
54,108,13,comforter,1,good,yes,0.5,2014/1/1
55,109,14,comforter,1,good,yes,0.5,2014/1/1
56,112,15,comforter,1,good,yes,0.5,2014/1/1
57,113,16,comforter,1,good,yes,0.5,2014/1/1
58,117,17,comforter,1,good,yes,0.5,2014/1/1
59,118,18,comforter,1,good,yes,0.5,2014/1/1
60,119,19,comforter,1,good,yes,0.5,2014/1/1
61,102,20,comforter,1,good,yes,0.5,2014/1/1
62,104,21,comforter,1,good,yes,0.5,2014/1/1
63,106,22,comforter,1,good,yes,0.5,2014/1/1
64,108,23,comforter,1,good,yes,0.5,2014/1/1
65,109,24,comforter,1,good,yes,0.5,2014/1/1
66,112,25,comforter,1,good,yes,0.5,2014/1/1
67,113,26,comforter,1,good,yes,0.5,2014/1/1
68,117,27,comforter,1,good,yes,0.5,2014/1/1
69,118,28,comforter,1,good,yes,0.5,2014/1/1
70,119,29,comforter,1,good,yes,0.5,2014/1/1
71,102,30,comforter,1,good,yes,0.5,2014/1/1
72,104,31,comforter,1,good,yes,0.5,2014/1/1
73,106,32,comforter,1,good,yes,0.5,2014/1/1
74,108,33,comforter,1,good,yes,0.5,2014/1/1
75,109,34,comforter,1,good,yes,0.5,2014/1/1
76,112,35,comforter,1,good,yes,0.5,2014/1/1
77,113,36,comforter,1,good,yes,0.5,2014/1/1
78,117,37,comforter,1,good,yes,0.5,2014/1/1
79,118,38,comforter,1,good,yes,0.5,2014/1/1
80,119,39,comforter,1,good,yes,0.5,2014/1/1
81,102,40,comforter,1,good,yes,0.5,2014/1/1
82,104,41,comforter,1,good,yes,0.5,2014/1/1
83,106,42,comforter,1,good,yes,0.5,2014/1/1
84,108,43,comforter,1,good,yes,0.5,2014/1/1
85,109,44,comforter,1,good,yes,0.5,2014/1/1
86,112,45,comforter,1,good,yes,0.5,2014/1/1
87,113,46,comforter,1,good,yes,0.5,2014/1/1
88,117,47,comforter,1,good,yes,0.5,2014/1/1
89,118,48,comforter,1,good,yes,0.5,2014/1/1
90,119,49,comforter,1,good,yes,0.5,2014/1/1
91,102,50,comforter,1,good,yes,0.5,2014/1/1
92,104,51,comforter,1,good,yes,0.5,2014/1/1
93,106,52,comforter,1,good,yes,0.5,2014/1/1
94,108,53,comforter,1,good,yes,0.5,2014/1/1
95,109,54,comforter,1,good,yes,0.5,2014/1/1
96,112,55,comforter,1,good,yes,0.5,2014/1/1
97,113,56,comforter,1,good,yes,0.5,2014/1/1
98,117,57,comforter,1,good,yes,0.5,2014/1/1
99,118,58,comforter,1,good,yes,0.5,2014/1/1
100,119,59,comforter,1,good,yes,0.5,2014/1/1
101,102,60,comforter,1,good,yes,0.5,2014/1/1
102,104,61,comforter,1,good,yes,0.5,2014/1/1
103,106,11,comforter,1,good,yes,0.5,2014/1/2
104,108,12,comforter,1,good,yes,0.5,2014/1/2
105,109,13,comforter,1,good,yes,0.5,2014/1/2
106,112,14,comforter,1,good,yes,0.5,2014/1/2
107,113,15,comforter,1,good,yes,0.5,2014/1/2
108,117,16,comforter,1,good,yes,0.5,2014/1/2
109,118,17,comforter,1,good,yes,0.5,2014/1/2
110,119,18,comforter,1,good,yes,0.5,2014/1/2
111,102,19,comforter,1,good,yes,0.5,2014/1/2
112,104,20,comforter,1,good,yes,0.5,2014/1/2
113,106,21,comforter,1,good,yes,0.5,2014/1/2
114,108,22,comforter,1,good,yes,0.5,2014/1/2
115,109,23,comforter,1,good,yes,0.5,2014/1/2
116,112,24,comforter,1,good,yes,0.5,2014/1/2
117,113,25,comforter,1,good,yes,0.5,2014/1/2
118,117,26,comforter,1,good,yes,0.5,2014/1/2
119,118,27,comforter,1,good,yes,0.5,2014/1/2
120,119,28,comforter,1,good,yes,0.5,2014/1/2
121,102,29,comforter,1,good,yes,0.5,2014/1/2
122,104,30,comforter,1,good,yes,0.5,2014/1/2
123,106,31,comforter,1,good,yes,0.5,2014/1/2
124,108,32,comforter,1,good,yes,0.5,2014/1/2
125,109,33,comforter,1,good,yes,0.5,2014/1/2
126,112,34,comforter,1,good,yes,0.5,2014/1/2
127,113,35,comforter,1,good,yes,0.5,2014/1/2
128,117,36,comforter,1,good,yes,0.5,2014/1/2
129,118,37,comforter,1,good,yes,0.5,2014/1/2
130,119,38,comforter,1,good,yes,0.5,2014/1/2
131,102,39,comforter,1,good,yes,0.5,2014/1/2
132,104,40,comforter,1,good,yes,0.5,2014/1/2
133,106,41,comforter,1,good,yes,0.5,2014/1/2
134,108,42,comforter,1,good,yes,0.5,2014/1/2
135,109,43,comforter,1,good,yes,0.5,2014/1/2
136,112,44,comforter,1,good,yes,0.5,2014/1/2
137,113,45,comforter,1,good,yes,0.5,2014/1/2
138,117,46,comforter,1,good,yes,0.5,2014/1/2
139,118,47,comforter,1,good,yes,0.5,2014/1/2
140,119,48,comforter,1,good,yes,0.5,2014/1/2
141,102,49,comforter,1,good,yes,0.5,2014/1/2
142,104,50,comforter,1,good,yes,0.5,2014/1/2
143,106,51,comforter,1,good,yes,0.5,2014/1/2
144,108,52,comforter,1,good,yes,0.5,2014/1/2
145,109,53,comforter,1,good,yes,0.5,2014/1/2
146,112,54,comforter,1,good,yes,0.5,2014/1/2
147,113,55,comforter,1,good,yes,0.5,2014/1/2
148,117,56,comforter,1,good,yes,0.5,2014/1/2
149,118,57,comforter,1,good,yes,0.5,2014/1/2
150,119,58,comforter,1,good,yes,0.5,2014/1/2
151,102,59,comforter,1,good,yes,0.5,2014/1/2
152,104,60,comforter,1,good,yes,0.5,2014/1/2
153,106,61,comforter,1,good,yes,0.5,2014/1/2
154,108,11,comforter,1,good,yes,0.5,2014/1/2
155,109,12,comforter,1,good,yes,0.5,2014/1/2
156,112,13,comforter,1,good,yes,0.5,2014/1/2
157,113,14,comforter,1,good,yes,0.5,2014/1/2
158,117,15,comforter,1,good,yes,0.5,2014/1/2
159,118,16,comforter,1,good,yes,0.5,2014/1/2
160,119,17,comforter,1,good,yes,0.5,2014/1/2
161,102,18,comforter,1,good,yes,0.5,2014/1/2
162,104,19,comforter,1,good,yes,0.5,2014/1/2
163,106,20,comforter,1,good,yes,0.5,2014/1/2
164,108,21,comforter,1,good,yes,0.5,2014/1/2
165,109,22,comforter,1,good,yes,0.5,2014/1/2
166,112,23,comforter,1,good,yes,0.5,2014/1/2
167,113,24,comforter,1,good,yes,0.5,2014/1/2
168,117,25,comforter,1,good,yes,0.5,2014/1/2
169,118,26,comforter,1,good,yes,0.5,2014/1/2
170,119,27,comforter,1,good,yes,0.5,2014/1/2
171,102,28,comforter,1,good,yes,0.5,2014/1/2
172,104,29,comforter,1,good,yes,0.5,2014/1/2
173,106,30,comforter,1,good,yes,0.5,2014/1/2
174,108,31,comforter,1,good,yes,0.5,2014/1/2
175,109,32,comforter,1,good,yes,0.5,2014/1/2
176,112,33,comforter,1,good,yes,0.5,2014/1/2
177,113,34,comforter,1,good,yes,0.5,2014/1/2
178,117,35,comforter,1,good,yes,0.5,2014/1/2
179,118,36,comforter,1,good,yes,0.5,2014/1/2
180,119,37,comforter,1,good,yes,0.5,2014/1/2
181,102,38,comforter,1,good,yes,0.5,2014/1/2
182,104,39,comforter,1,good,yes,0.5,2014/1/2
183,106,40,comforter,1,good,yes,0.5,2014/1/2
184,108,41,comforter,1,good,yes,0.5,2014/1/2
185,109,42,comforter,1,good,yes,0.5,2014/1/2
186,112,43,comforter,1,good,yes,0.5,2014/1/2
187,113,44,comforter,1,good,yes,0.5,2014/1/2
188,117,45,comforter,1,good,yes,0.5,2014/1/2
189,118,46,comforter,1,good,yes,0.5,2014/1/2
190,119,47,comforter,1,good,yes,0.5,2014/1/2
191,102,48,comforter,1,good,yes,0.5,2014/1/2
192,104,49,comforter,1,good,yes,0.5,2014/1/2
193,106,50,comforter,1,good,yes,0.5,2014/1/2
194,108,51,comforter,1,good,yes,0.5,2014/1/2
195,109,52,comforter,1,good,yes,0.5,2014/1/2
196,112,53,comforter,1,good,yes,0.5,2014/1/2
197,113,54,comforter,1,good,yes,0.5,2014/1/2
198,117,55,comforter,1,good,yes,0.5,2014/1/2
199,118,56,comforter,1,good,yes,0.5,2014/1/2
200,119,57,comforter,1,good,yes,0.5,2014/1/2
201,102,58,comforter,1,good,yes,0.5,2014/1/2
202,104,59,comforter,1,good,yes,0.5,2014/1/2
203,106,60,comforter,1,good,yes,0.5,2014/1/2
204,108,61,comforter,1,good,yes,0.5,2014/1/2
205,109,11,comforter,1,good,yes,0.5,2014/1/3
206,112,12,comforter,1,good,yes,0.5,2014/1/3
207,113,13,comforter,1,good,yes,0.5,2014/1/3
208,117,14,comforter,1,good,yes,0.5,2014/1/3
209,118,15,comforter,1,good,yes,0.5,2014/1/3
210,119,16,comforter,1,good,yes,0.5,2014/1/3
211,102,17,comforter,1,good,yes,0.5,2014/1/3
212,104,18,comforter,1,good,yes,0.5,2014/1/3
213,106,19,comforter,1,good,yes,0.5,2014/1/3
214,108,20,comforter,1,good,yes,0.5,2014/1/3
215,109,21,comforter,1,good,yes,0.5,2014/1/3
216,112,22,comforter,1,good,yes,0.5,2014/1/3
217,113,23,comforter,1,good,yes,0.5,2014/1/3
218,117,24,comforter,1,good,yes,0.5,2014/1/3
219,118,25,comforter,1,good,yes,0.5,2014/1/3
220,119,26,comforter,1,good,yes,0.5,2014/1/3
221,102,27,comforter,1,good,yes,0.5,2014/1/3
222,104,28,comforter,1,good,yes,0.5,2014/1/3
223,106,29,comforter,1,good,yes,0.5,2014/1/3
224,108,30,comforter,1,good,yes,0.5,2014/1/3
225,109,31,comforter,1,good,yes,0.5,2014/1/3
226,112,32,comforter,1,good,yes,0.5,2014/1/3
227,113,33,comforter,1,good,yes,0.5,2014/1/3
228,117,34,comforter,1,good,yes,0.5,2014/1/3
229,118,35,comforter,1,good,yes,0.5,2014/1/3
230,119,36,comforter,1,good,yes,0.5,2014/1/3
231,102,37,comforter,1,good,yes,0.5,2014/1/3
232,104,38,comforter,1,good,yes,0.5,2014/1/3
233,106,39,comforter,1,good,yes,0.5,2014/1/3
234,108,40,comforter,1,good,yes,0.5,2014/1/3
235,109,41,comforter,1,good,yes,0.5,2014/1/3
236,112,42,comforter,1,good,yes,0.5,2014/1/3
237,113,43,comforter,1,good,yes,0.5,2014/1/3
238,117,44,comforter,1,good,yes,0.5,2014/1/3
239,118,45,comforter,1,good,yes,0.5,2014/1/3
240,119,46,comforter,1,good,yes,0.5,2014/1/3
241,102,47,comforter,1,good,yes,0.5,2014/1/3
242,104,48,comforter,1,good,yes,0.5,2014/1/3
243,106,49,comforter,1,good,yes,0.5,2014/1/3
244,108,50,comforter,1,good,yes,0.5,2014/1/3
245,109,51,comforter,1,good,yes,0.5,2014/1/3
246,112,52,comforter,1,good,yes,0.5,2014/1/3
247,113,53,comforter,1,good,yes,0.5,2014/1/3
248,117,54,comforter,1,good,yes,0.5,2014/1/3
249,118,55,comforter,1,good,yes,0.5,2014/1/3
250,119,56,comforter,1,good,yes,0.5,2014/1/3
251,102,57,comforter,1,good,yes,0.5,2014/1/3
252,104,58,comforter,1,good,yes,0.5,2014/1/3
253,106,59,comforter,1,good,yes,0.5,2014/1/3
254,108,60,comforter,1,good,yes,0.5,2014/1/3
255,109,61,comforter,1,good,yes,0.5,2014/1/3
256,112,11,comforter,1,good,yes,0.5,2014/1/3
257,113,12,comforter,1,good,yes,0.5,2014/1/3
258,117,13,comforter,1,good,yes,0.5,2014/1/3
259,118,14,comforter,1,good,yes,0.5,2014/1/3
260,119,15,comforter,1,good,yes,0.5,2014/1/3
261,102,16,comforter,1,good,yes,0.5,2014/1/3
262,104,17,comforter,1,good,yes,0.5,2014/1/3
263,106,18,comforter,1,good,yes,0.5,2014/1/3
264,108,19,comforter,1,good,yes,0.5,2014/1/3
265,109,20,comforter,1,good,yes,0.5,2014/1/3
266,112,21,comforter,1,good,yes,0.5,2014/1/3
267,113,22,comforter,1,good,yes,0.5,2014/1/3
268,117,23,comforter,1,good,yes,0.5,2014/1/3
269,118,24,comforter,1,good,yes,0.5,2014/1/3
270,119,25,comforter,1,good,yes,0.5,2014/1/3
271,102,26,comforter,1,good,yes,0.5,2014/1/3
272,104,27,comforter,1,good,yes,0.5,2014/1/3
273,106,28,comforter,1,good,yes,0.5,2014/1/3
274,108,29,comforter,1,good,yes,0.5,2014/1/3
275,109,30,comforter,1,good,yes,0.5,2014/1/3
276,112,31,comforter,1,good,yes,0.5,2014/1/3
277,113,32,comforter,1,good,yes,0.5,2014/1/3
278,117,33,comforter,1,good,yes,0.5,2014/1/3
279,118,34,comforter,1,good,yes,0.5,2014/1/3
280,119,35,comforter,1,good,yes,0.5,2014/1/3
281,102,36,comforter,1,good,yes,0.5,2014/1/3
282,104,37,comforter,1,good,yes,0.5,2014/1/3
283,106,38,comforter,1,good,yes,0.5,2014/1/3
284,108,39,comforter,1,good,yes,0.5,2014/1/3
285,109,40,comforter,1,good,yes,0.5,2014/1/3
286,112,41,comforter,1,good,yes,0.5,2014/1/3
287,113,42,comforter,1,good,yes,0.5,2014/1/3
288,117,43,comforter,1,good,yes,0.5,2014/1/3
289,118,44,comforter,1,good,yes,0.5,2014/1/3
290,119,45,comforter,1,good,yes,0.5,2014/1/3
291,102,46,comforter,1,good,yes,0.5,2014/1/3
292,104,47,comforter,1,good,yes,0.5,2014/1/3
293,106,48,comforter,1,good,yes,0.5,2014/1/3
294,108,49,comforter,1,good,yes,0.5,2014/1/3
295,109,50,comforter,1,good,yes,0.5,2014/1/3
296,112,51,comforter,1,good,yes,0.5,2014/1/3
297,113,52,comforter,1,good,yes,0.5,2014/1/3
298,117,53,comforter,1,good,yes,0.5,2014/1/3
299,118,54,comforter,1,good,yes,0.5,2014/1/3
300,119,55,comforter,1,good,yes,0.5,2014/1/3
301,102,56,comforter,1,good,yes,0.5,2014/1/3
302,104,57,comforter,1,good,yes,0.5,2014/1/3
303,106,58,comforter,1,good,yes,0.5,2014/1/3
304,108,59,comforter,1,good,yes,0.5,2014/1/3
305,109,60,comforter,1,good,yes,0.5,2014/1/3
306,112,61,comforter,1,good,yes,0.5,2014/1/3
307,113,11,comforter,1,good,yes,0.5,2014/1/4
308,117,12,comforter,1,good,yes,0.5,2014/1/4
309,118,13,comforter,1,good,yes,0.5,2014/1/4
310,119,14,comforter,1,good,yes,0.5,2014/1/4
311,102,15,comforter,1,good,yes,0.5,2014/1/4
312,104,16,comforter,1,good,yes,0.5,2014/1/4
313,106,17,comforter,1,good,yes,0.5,2014/1/4
314,108,18,comforter,1,good,yes,0.5,2014/1/4
315,109,19,comforter,1,good,yes,0.5,2014/1/4
316,112,20,comforter,1,good,yes,0.5,2014/1/4
317,113,21,comforter,1,good,yes,0.5,2014/1/4
318,117,22,comforter,1,good,yes,0.5,2014/1/4
319,118,23,comforter,1,good,yes,0.5,2014/1/4
320,119,24,comforter,1,good,yes,0.5,2014/1/4
321,102,25,comforter,1,good,yes,0.5,2014/1/4
322,104,26,comforter,1,good,yes,0.5,2014/1/4
323,106,27,comforter,1,good,yes,0.5,2014/1/4
324,108,28,comforter,1,good,yes,0.5,2014/1/4
325,109,29,comforter,1,good,yes,0.5,2014/1/4
326,112,30,comforter,1,good,yes,0.5,2014/1/4
327,113,31,comforter,1,good,yes,0.5,2014/1/4
328,117,32,comforter,1,good,yes,0.5,2014/1/4
329,118,33,comforter,1,good,yes,0.5,2014/1/4
330,119,34,comforter,1,good,yes,0.5,2014/1/4
331,102,35,comforter,1,good,yes,0.5,2014/1/4
332,104,36,comforter,1,good,yes,0.5,2014/1/4
333,106,37,comforter,1,good,yes,0.5,2014/1/4
334,108,38,comforter,1,good,yes,0.5,2014/1/4
335,109,39,comforter,1,good,yes,0.5,2014/1/4
336,112,40,comforter,1,good,yes,0.5,2014/1/4
337,113,41,comforter,1,good,yes,0.5,2014/1/4
338,117,42,comforter,1,good,yes,0.5,2014/1/4
339,118,43,comforter,1,good,yes,0.5,2014/1/4
340,119,44,comforter,1,good,yes,0.5,2014/1/4
341,102,45,comforter,1,good,yes,0.5,2014/1/4
342,104,46,comforter,1,good,yes,0.5,2014/1/4
343,106,47,comforter,1,good,yes,0.5,2014/1/4
344,108,48,comforter,1,good,yes,0.5,2014/1/4
345,109,49,comforter,1,good,yes,0.5,2014/1/4
346,112,50,comforter,1,good,yes,0.5,2014/1/4
347,113,51,comforter,1,good,yes,0.5,2014/1/4
348,117,52,comforter,1,good,yes,0.5,2014/1/4
349,118,53,comforter,1,good,yes,0.5,2014/1/4
350,119,54,comforter,1,good,yes,0.5,2014/1/4
351,102,55,comforter,1,good,yes,0.5,2014/1/4
352,104,56,comforter,1,good,yes,0.5,2014/1/4
353,106,57,comforter,1,good,yes,0.5,2014/1/4
354,108,58,comforter,1,good,yes,0.5,2014/1/4
355,109,59,comforter,1,good,yes,0.5,2014/1/4
356,112,60,comforter,1,good,yes,0.5,2014/1/4
357,113,61,comforter,1,good,yes,0.5,2014/1/4
358,117,11,comforter,1,good,yes,0.5,2014/1/4
359,118,12,comforter,1,good,yes,0.5,2014/1/4
360,119,13,comforter,1,good,yes,0.5,2014/1/4
361,102,14,comforter,1,good,yes,0.5,2014/1/4
362,104,15,comforter,1,good,yes,0.5,2014/1/4
363,106,16,comforter,1,good,yes,0.5,2014/1/4
364,108,17,comforter,1,good,yes,0.5,2014/1/4
365,109,18,comforter,1,good,yes,0.5,2014/1/4
366,112,19,comforter,1,good,yes,0.5,2014/1/4
367,113,20,comforter,1,good,yes,0.5,2014/1/4
368,117,21,comforter,1,good,yes,0.5,2014/1/4
369,118,22,comforter,1,good,yes,0.5,2014/1/4
370,119,23,comforter,1,good,yes,0.5,2014/1/4
371,102,24,comforter,1,good,yes,0.5,2014/1/4
372,104,25,comforter,1,good,yes,0.5,2014/1/4
373,106,26,comforter,1,good,yes,0.5,2014/1/4
374,108,27,comforter,1,good,yes,0.5,2014/1/4
375,109,28,comforter,1,good,yes,0.5,2014/1/4
376,112,29,comforter,1,good,yes,0.5,2014/1/4
377,113,30,comforter,1,good,yes,0.5,2014/1/4
378,117,31,comforter,1,good,yes,0.5,2014/1/4
379,118,32,comforter,1,good,yes,0.5,2014/1/4
380,119,33,comforter,1,good,yes,0.5,2014/1/4
381,102,34,comforter,1,good,yes,0.5,2014/1/4
382,104,35,comforter,1,good,yes,0.5,2014/1/4
383,106,36,comforter,1,good,yes,0.5,2014/1/4
384,108,37,comforter,1,good,yes,0.5,2014/1/4
385,109,38,comforter,1,good,yes,0.5,2014/1/4
386,112,39,comforter,1,good,yes,0.5,2014/1/4
387,113,40,comforter,1,good,yes,0.5,2014/1/4
388,117,41,comforter,1,good,yes,0.5,2014/1/4
389,118,42,comforter,1,good,yes,0.5,2014/1/4
390,119,43,comforter,1,good,yes,0.5,2014/1/4
391,102,44,comforter,1,good,yes,0.5,2014/1/4
392,104,45,comforter,1,good,yes,0.5,2014/1/4
393,106,46,comforter,1,good,yes,0.5,2014/1/4
394,108,47,comforter,1,good,yes,0.5,2014/1/4
395,109,48,comforter,1,good,yes,0.5,2014/1/4
396,112,49,comforter,1,good,yes,0.5,2014/1/4
397,113,50,comforter,1,good,yes,0.5,2014/1/4
398,117,51,comforter,1,good,yes,0.5,2014/1/4
399,118,52,comforter,1,good,yes,0.5,2014/1/4
400,119,53,comforter,1,good,yes,0.5,2014/1/4
401,102,54,comforter,1,good,yes,0.5,2014/1/4
402,104,55,comforter,1,good,yes,0.5,2014/1/4
403,106,56,comforter,1,good,yes,0.5,2014/1/4
404,108,57,comforter,1,good,yes,0.5,2014/1/4
405,109,58,comforter,1,good,yes,0.5,2014/1/4
406,112,59,comforter,1,good,yes,0.5,2014/1/4
407,113,60,comforter,1,good,yes,0.5,2014/1/4
408,117,61,comforter,1,good,yes,0.5,2014/1/4
,,,,,,,,
,,,,,,,,
,,,,,,,,
,,,,,,,,
,,,,,,,,
,,,,,,,,
,,,,,,,,
,,,,,,,,
,,,,,,,,
,,,,,,,,
,,,,,,,,
,,,,,,,,
,,,,,,,,
,,,,,,,,
,,,,,,,,
,,,,,,,,
,,,,,,,,
,,,,,,,,
,,,,,,,,
,,,,,,,,
,,,,,,,,
,,,,,,,,
,,,,,,,,
,,,,,,,,
,,,,,,,,
,,,,,,,,
,,,,,,,,
,,,,,,,,
,,,,,,,,
,,,,,,,,
,,,,,,,,
,,,,,,,,
,,,,,,,,
,,,,,,,,
,,,,,,,,
,,,,,,,,
,,,,,,,,
,,,,,,,,
,,,,,,,,
,,,,,,,,
,,,,,,,,
,,,,,,,,
,,,,,,,,
,,,,,,,,
,,,,,,,,
,,,,,,,,
,,,,,,,,
,,,,,,,,
,,,,,,,,
,,,,,,,,
,,,,,,,,
,,,,,,,,
,,,,,,,,
,,,,,,,,
,,,,,,,,
,,,,,,,,
,,,,,,,,
,,,,,,,,
,,,,,,,,
,,,,,,,,
,,,,,,,,
,,,,,,,,
,,,,,,,,
,,,,,,,,
,,,,,,,,
,,,,,,,,
,,,,,,,,
,,,,,,,,
,,,,,,,,
,,,,,,,,
,,,,,,,,
,,,,,,,,
,,,,,,,,
,,,,,,,,
,,,,,,,,
,,,,,,,,
,,,,,,,,
,,,,,,,,
,,,,,,,,
,,,,,,,,
,,,,,,,,
,,,,,,,,
,,,,,,,,
,,,,,,,,
,,,,,,,,
,,,,,,,,
,,,,,,,,
,,,,,,,,
,,,,,,,,
,,,,,,,,
,,,,,,,,
,,,,,,,,
,,,,,,,,
,,,,,,,,
,,,,,,,,
,,,,,,,,
,,,,,,,,
,,,,,,,,
,,,,,,,,
,,,,,,,,
,,,,,,,,
,,,,,,,,
,,,,,,,,
,,,,,,,,
,,,,,,,,
,,,,,,,,
,,,,,,,,
,,,,,,,,
,,,,,,,,
,,,,,,,,
,,,,,,,,
,,,,,,,,
,,,,,,,,
,,,,,,,,
,,,,,,,,
,,,,,,,,
,,,,,,,,
,,,,,,,,
,,,,,,,,
,,,,,,,,
,,,,,,,,
,,,,,,,,
,,,,,,,,
,,,,,,,,
,,,,,,,,
,,,,,,,,
,,,,,,,,
,,,,,,,,
,,,,,,,,
,,,,,,,,
,,,,,,,,
,,,,,,,,
,,,,,,,,
,,,,,,,,
,,,,,,,,
,,,,,,,,
,,,,,,,,
,,,,,,,,
,,,,,,,,
,,,,,,,,
,,,,,,,,
,,,,,,,,
,,,,,,,,
,,,,,,,,
,,,,,,,,
,,,,,,,,
,,,,,,,,
,,,,,,,,
,,,,,,,,
,,,,,,,,
,,,,,,,,
,,,,,,,,
,,,,,,,,
,,,,,,,,
,,,,,,,,
,,,,,,,,
,,,,,,,,
,,,,,,,,
,,,,,,,,
,,,,,,,,
,,,,,,,,
,,,,,,,,
,,,,,,,,
,,,,,,,,
,,,,,,,,
,,,,,,,,
,,,,,,,,
,,,,,,,,
,,,,,,,,
,,,,,,,,
,,,,,,,,
,,,,,,,,
,,,,,,,,
,,,,,,,,
,,,,,,,,
,,,,,,,,
,,,,,,,,
,,,,,,,,
,,,,,,,,
,,,,,,,,
,,,,,,,,
,,,,,,,,
,,,,,,,,
,,,,,,,,
,,,,,,,,
,,,,,,,,
,,,,,,,,
,,,,,,,,
,,,,,,,,
,,,,,,,,
,,,,,,,,
,,,,,,,,
,,,,,,,,
,,,,,,,,
,,,,,,,,
,,,,,,,,
,,,,,,,,
,,,,,,,,
,,,,,,,,
,,,,,,,,
,,,,,,,,
,,,,,,,,
,,,,,,,,
,,,,,,,,
,,,,,,,,
,,,,,,,,
,,,,,,,,
,,,,,,,,
,,,,,,,,
,,,,,,,,
,,,,,,,,
,,,,,,,,
,,,,,,,,
,,,,,,,,
,,,,,,,,
,,,,,,,,
,,,,,,,,
,,,,,,,,
,,,,,,,,
,,,,,,,,
,,,,,,,,
,,,,,,,,
,,,,,,,,
,,,,,,,,
,,,,,,,,
,,,,,,,,
,,,,,,,,
,,,,,,,,
,,,,,,,,
,,,,,,,,
,,,,,,,,
,,,,,,,,
,,,,,,,,
,,,,,,,,
,,,,,,,,
,,,,,,,,
,,,,,,,,
,,,,,,,,
,,,,,,,,
,,,,,,,,
,,,,,,,,
,,,,,,,,
,,,,,,,,
,,,,,,,,
,,,,,,,,
,,,,,,,,
,,,,,,,,
,,,,,,,,
,,,,,,,,
,,,,,,,,
,,,,,,,,
,,,,,,,,
,,,,,,,,
,,,,,,,,
,,,,,,,,
,,,,,,,,
,,,,,,,,
,,,,,,,,
,,,,,,,,
,,,,,,,,
,,,,,,,,
,,,,,,,,
,,,,,,,,
,,,,,,,,
,,,,,,,,
,,,,,,,,
,,,,,,,,
,,,,,,,,
,,,,,,,,
,,,,,,,,
,,,,,,,,
,,,,,,,,
,,,,,,,,
,,,,,,,,
,,,,,,,,
,,,,,,,,
,,,,,,,,
,,,,,,,,
,,,,,,,,
,,,,,,,,
,,,,,,,,
,,,,,,,,
,,,,,,,,
,,,,,,,,
,,,,,,,,
,,,,,,,,
,,,,,,,,
,,,,,,,,
,,,,,,,,
,,,,,,,,
,,,,,,,,
,,,,,,,,
,,,,,,,,
,,,,,,,,
,,,,,,,,
,,,,,,,,
,,,,,,,,
,,,,,,,,
,,,,,,,,
,,,,,,,,
,,,,,,,,
,,,,,,,,
,,,,,,,,
,,,,,,,,
,,,,,,,,
,,,,,,,,
,,,,,,,,
,,,,,,,,
,,,,,,,,
,,,,,,,,
,,,,,,,,
,,,,,,,,
,,,,,,,,
,,,,,,,,
,,,,,,,,
,,,,,,,,
,,,,,,,,
,,,,,,,,
,,,,,,,,
,,,,,,,,
,,,,,,,,
,,,,,,,,
,,,,,,,,
,,,,,,,,
,,,,,,,,
,,,,,,,,
,,,,,,,,
,,,,,,,,
,,,,,,,,
,,,,,,,,
,,,,,,,,
,,,,,,,,
,,,,,,,,
,,,,,,,,
,,,,,,,,
,,,,,,,,
,,,,,,,,
,,,,,,,,
,,,,,,,,
,,,,,,,,
,,,,,,,,
,,,,,,,,
,,,,,,,,
,,,,,,,,
,,,,,,,,
,,,,,,,,
,,,,,,,,
,,,,,,,,
,,,,,,,,
,,,,,,,,
,,,,,,,,
,,,,,,,,
,,,,,,,,
,,,,,,,,
,,,,,,,,
,,,,,,,,
,,,,,,,,
,,,,,,,,
,,,,,,,,
,,,,,,,,
,,,,,,,,
,,,,,,,,
,,,,,,,,
,,,,,,,,
,,,,,,,,
,,,,,,,,
,,,,,,,,
,,,,,,,,
,,,,,,,,
,,,,,,,,
,,,,,,,,
,,,,,,,,
,,,,,,,,
,,,,,,,,
,,,,,,,,
,,,,,,,,
,,,,,,,,
,,,,,,,,
,,,,,,,,
,,,,,,,,
,,,,,,,,
,,,,,,,,
,,,,,,,,
,,,,,,,,
,,,,,,,,
,,,,,,,,
,,,,,,,,
,,,,,,,,
,,,,,,,,
,,,,,,,,
,,,,,,,,
,,,,,,,,
,,,,,,,,
,,,,,,,,
,,,,,,,,
,,,,,,,,
,,,,,,,,
,,,,,,,,
,,,,,,,,
,,,,,,,,
,,,,,,,,
,,,,,,,,
,,,,,,,,
,,,,,,,,
,,,,,,,,
,,,,,,,,
,,,,,,,,
,,,,,,,,
,,,,,,,,
,,,,,,,,
,,,,,,,,
,,,,,,,,
,,,,,,,,
,,,,,,,,
,,,,,,,,
,,,,,,,,
,,,,,,,,
,,,,,,,,
,,,,,,,,
,,,,,,,,
,,,,,,,,
,,,,,,,,
,,,,,,,,
,,,,,,,,
,,,,,,,,
,,,,,,,,
,,,,,,,,
,,,,,,,,
,,,,,,,,
,,,,,,,,
,,,,,,,,
,,,,,,,,
,,,,,,,,
,,,,,,,,
,,,,,,,,
,,,,,,,,
,,,,,,,,
,,,,,,,,
,,,,,,,,
,,,,,,,,
,,,,,,,,
,,,,,,,,
,,,,,,,,
,,,,,,,,
,,,,,,,,
,,,,,,,,
,,,,,,,,
,,,,,,,,
,,,,,,,,
,,,,,,,,
,,,,,,,,
,,,,,,,,
,,,,,,,,
,,,,,,,,
,,,,,,,,
,,,,,,,,
,,,,,,,,
,,,,,,,,
,,,,,,,,
,,,,,,,,
,,,,,,,,
,,,,,,,,
,,,,,,,,
,,,,,,,,
,,,,,,,,
,,,,,,,,
,,,,,,,,
,,,,,,,,
,,,,,,,,
,,,,,,,,
,,,,,,,,
,,,,,,,,
,,,,,,,,
,,,,,,,,
,,,,,,,,
,,,,,,,,
,,,,,,,,
,,,,,,,,
,,,,,,,,
,,,,,,,,
,,,,,,,,
,,,,,,,,
,,,,,,,,
,,,,,,,,
,,,,,,,,
,,,,,,,,
,,,,,,,,
,,,,,,,,
,,,,,,,,
,,,,,,,,
,,,,,,,,
,,,,,,,,
,,,,,,,,
,,,,,,,,
,,,,,,,,
,,,,,,,,
,,,,,,,,
,,,,,,,,
,,,,,,,,
,,,,,,,,
,,,,,,,,
,,,,,,,,
,,,,,,,,
,,,,,,,,
,,,,,,,,
,,,,,,,,
,,,,,,,,
,,,,,,,,
,,,,,,,,
,,,,,,,,
,,,,,,,,
,,,,,,,,
,,,,,,,,
,,,,,,,,
,,,,,,,,
,,,,,,,,
,,,,,,,,
,,,,,,,,
,,,,,,,,
,,,,,,,,
,,,,,,,,
,,,,,,,,
,,,,,,,,
,,,,,,,,
,,,,,,,,
,,,,,,,,
,,,,,,,,
,,,,,,,,
,,,,,,,,
,,,,,,,,
,,,,,,,,
,,,,,,,,
,,,,,,,,
,,,,,,,,
,,,,,,,,
,,,,,,,,
,,,,,,,,
,,,,,,,,
,,,,,,,,
,,,,,,,,
,,,,,,,,
,,,,,,,,
,,,,,,,,
,,,,,,,,
,,,,,,,,
,,,,,,,,
,,,,,,,,
,,,,,,,,
,,,,,,,,
,,,,,,,,
,,,,,,,,
,,,,,,,,
,,,,,,,,
,,,,,,,,
,,,,,,,,
,,,,,,,,
,,,,,,,,
,,,,,,,,
,,,,,,,,
,,,,,,,,
,,,,,,,,
,,,,,,,,
,,,,,,,,
,,,,,,,,
,,,,,,,,
,,,,,,,,
,,,,,,,,
,,,,,,,,
,,,,,,,,
,,,,,,,,
,,,,,,,,
,,,,,,,,
,,,,,,,,
,,,,,,,,
,,,,,,,,
,,,,,,,,
,,,,,,,,
,,,,,,,,
,,,,,,,,
,,,,,,,,
,,,,,,,,
,,,,,,,,
,,,,,,,,
,,,,,,,,
,,,,,,,,
,,,,,,,,
,,,,,,,,
,,,,,,,,
,,,,,,,,
,,,,,,,,
,,,,,,,,
,,,,,,,,
,,,,,,,,
,,,,,,,,
,,,,,,,,
,,,,,,,,
,,,,,,,,
,,,,,,,,
,,,,,,,,
,,,,,,,,
,,,,,,,,
,,,,,,,,
,,,,,,,,
,,,,,,,,
,,,,,,,,
,,,,,,,,
,,,,,,,,
,,,,,,,,
,,,,,,,,
,,,,,,,,
,,,,,,,,
,,,,,,,,
,,,,,,,,
,,,,,,,,
,,,,,,,,
,,,,,,,,
,,,,,,,,
,,,,,,,,
,,,,,,,,
,,,,,,,,
,,,,,,,,
,,,,,,,,
,,,,,,,,
,,,,,,,,
,,,,,,,,
,,,,,,,,
,,,,,,,,
,,,,,,,,
,,,,,,,,
,,,,,,,,
,,,,,,,,
,,,,,,,,
,,,,,,,,
,,,,,,,,
,,,,,,,,
,,,,,,,,
,,,,,,,,
,,,,,,,,
,,,,,,,,
,,,,,,,,
,,,,,,,,
,,,,,,,,
,,,,,,,,
,,,,,,,,
,,,,,,,,
,,,,,,,,
,,,,,,,,
,,,,,,,,
,,,,,,,,
,,,,,,,,
,,,,,,,,
,,,,,,,,
,,,,,,,,
,,,,,,,,
,,,,,,,,
,,,,,,,,
,,,,,,,,
,,,,,,,,
,,,,,,,,
,,,,,,,,
,,,,,,,,
,,,,,,,,
,,,,,,,,
,,,,,,,,
,,,,,,,,
,,,,,,,,
,,,,,,,,
,,,,,,,,
,,,,,,,,
,,,,,,,,
,,,,,,,,
,,,,,,,,
,,,,,,,,
,,,,,,,,
,,,,,,,,
,,,,,,,,
,,,,,,,,
,,,,,,,,
,,,,,,,,
,,,,,,,,
,,,,,,,,
,,,,,,,,
,,,,,,,,
,,,,,,,,
,,,,,,,,
,,,,,,,,
,,,,,,,,
,,,,,,,,
,,,,,,,,
,,,,,,,,
,,,,,,,,
,,,,,,,,
,,,,,,,,
,,,,,,,,
,,,,,,,,
,,,,,,,,
,,,,,,,,
,,,,,,,,
,,,,,,,,
,,,,,,,,
,,,,,,,,
,,,,,,,,
,,,,,,,,
,,,,,,,,
,,,,,,,,
,,,,,,,,
,,,,,,,,
,,,,,,,,
,,,,,,,,
,,,,,,,,
,,,,,,,,
,,,,,,,,
,,,,,,,,
,,,,,,,,
,,,,,,,,
,,,,,,,,
,,,,,,,,
,,,,,,,,
,,,,,,,,
,,,,,,,,
,,,,,,,,
,,,,,,,,
,,,,,,,,
,,,,,,,,
,,,,,,,,
,,,,,,,,
,,,,,,,,
,,,,,,,,
,,,,,,,,
,,,,,,,,
,,,,,,,,
,,,,,,,,
,,,,,,,,
,,,,,,,,
,,,,,,,,
,,,,,,,,
,,,,,,,,
,,,,,,,,
,,,,,,,,
,,,,,,,,
,,,,,,,,
,,,,,,,,
,,,,,,,,
,,,,,,,,
,,,,,,,,
,,,,,,,,
,,,,,,,,
,,,,,,,,
,,,,,,,,
,,,,,,,,
,,,,,,,,
,,,,,,,,
,,,,,,,,
,,,,,,,,
,,,,,,,,
,,,,,,,,
,,,,,,,,
,,,,,,,,
,,,,,,,,
,,,,,,,,
,,,,,,,,
,,,,,,,,
,,,,,,,,
,,,,,,,,
,,,,,,,,
,,,,,,,,
,,,,,,,,
,,,,,,,,
,,,,,,,,
,,,,,,,,
,,,,,,,,
,,,,,,,,
,,,,,,,,
,,,,,,,,
,,,,,,,,
,,,,,,,,
,,,,,,,,
,,,,,,,,
,,,,,,,,
,,,,,,,,
,,,,,,,,
,,,,,,,,
,,,,,,,,
,,,,,,,,
,,,,,,,,
,,,,,,,,
,,,,,,,,
,,,,,,,,
,,,,,,,,
,,,,,,,,
,,,,,,,,
,,,,,,,,
,,,,,,,,
,,,,,,,,
,,,,,,,,
,,,,,,,,
,,,,,,,,
,,,,,,,,
,,,,,,,,
,,,,,,,,
,,,,,,,,
,,,,,,,,
,,,,,,,,
,,,,,,,,
,,,,,,,,
,,,,,,,,
,,,,,,,,
,,,,,,,,
,,,,,,,,
,,,,,,,,
,,,,,,,,
,,,,,,,,
,,,,,,,,
,,,,,,,,
,,,,,,,,
,,,,,,,,
,,,,,,,,
,,,,,,,,
,,,,,,,,
,,,,,,,,
,,,,,,,,
,,,,,,,,
,,,,,,,,
,,,,,,,,
,,,,,,,,
,,,,,,,,
,,,,,,,,
,,,,,,,,
,,,,,,,,
,,,,,,,,
,,,,,,,,
,,,,,,,,
,,,,,,,,
,,,,,,,,
,,,,,,,,
,,,,,,,,
,,,,,,,,
,,,,,,,,
,,,,,,,,
,,,,,,,,
,,,,,,,,
,,,,,,,,
,,,,,,,,
,,,,,,,,
,,,,,,,,
,,,,,,,,
,,,,,,,,
,,,,,,,,
,,,,,,,,
,,,,,,,,
,,,,,,,,
,,,,,,,,
,,,,,,,,
,,,,,,,,
,,,,,,,,
,,,,,,,,
,,,,,,,,
,,,,,,,,
,,,,,,,,
,,,,,,,,
,,,,,,,,
,,,,,,,,
,,,,,,,,
,,,,,,,,
,,,,,,,,
,,,,,,,,
,,,,,,,,
,,,,,,,,
,,,,,,,,
,,,,,,,,
,,,,,,,,
,,,,,,,,
,,,,,,,,
,,,,,,,,
,,,,,,,,
,,,,,,,,
,,,,,,,,
,,,,,,,,
,,,,,,,,
,,,,,,,,
,,,,,,,,
,,,,,,,,
,,,,,,,,
,,,,,,,,
,,,,,,,,
,,,,,,,,
,,,,,,,,
,,,,,,,,
,,,,,,,,
,,,,,,,,
,,,,,,,,
,,,,,,,,
,,,,,,,,
,,,,,,,,
,,,,,,,,
,,,,,,,,
,,,,,,,,
,,,,,,,,
,,,,,,,,
,,,,,,,,
,,,,,,,,
,,,,,,,,
,,,,,,,,
,,,,,,,,
,,,,,,,,
,,,,,,,,
,,,,,,,,
,,,,,,,,
,,,,,,,,
,,,,,,,,
,,,,,,,,
,,,,,,,,
,,,,,,,,
,,,,,,,,
,,,,,,,,
,,,,,,,,
,,,,,,,,
,,,,,,,,
,,,,,,,,
,,,,,,,,
,,,,,,,,
,,,,,,,,
,,,,,,,,
,,,,,,,,
,,,,,,,,
,,,,,,,,
,,,,,,,,
,,,,,,,,
,,,,,,,,
,,,,,,,,
,,,,,,,,
,,,,,,,,
,,,,,,,,
,,,,,,,,
,,,,,,,,
,,,,,,,,
,,,,,,,,
,,,,,,,,
,,,,,,,,
,,,,,,,,
,,,,,,,,
,,,,,,,,
,,,,,,,,
,,,,,,,,
,,,,,,,,
,,,,,,,,
,,,,,,,,
,,,,,,,,
,,,,,,,,
,,,,,,,,
,,,,,,,,
,,,,,,,,
,,,,,,,,
,,,,,,,,
,,,,,,,,
,,,,,,,,
,,,,,,,,
,,,,,,,,
,,,,,,,,
,,,,,,,,
,,,,,,,,
,,,,,,,,
,,,,,,,,
,,,,,,,,
,,,,,,,,
,,,,,,,,
,,,,,,,,
,,,,,,,,
,,,,,,,,
,,,,,,,,
,,,,,,,,
,,,,,,,,
,,,,,,,,
,,,,,,,,
,,,,,,,,
,,,,,,,,
,,,,,,,,
,,,,,,,,
,,,,,,,,
,,,,,,,,
,,,,,,,,
,,,,,,,,
,,,,,,,,
,,,,,,,,
,,,,,,,,
,,,,,,,,
,,,,,,,,
,,,,,,,,
,,,,,,,,
,,,,,,,,
,,,,,,,,
,,,,,,,,
,,,,,,,,
,,,,,,,,
,,,,,,,,
,,,,,,,,
,,,,,,,,
,,,,,,,,
,,,,,,,,
,,,,,,,,
,,,,,,,,
,,,,,,,,
,,,,,,,,
,,,,,,,,
,,,,,,,,
,,,,,,,,
,,,,,,,,
,,,,,,,,
,,,,,,,,
,,,,,,,,
,,,,,,,,
,,,,,,,,
,,,,,,,,
,,,,,,,,
,,,,,,,,
,,,,,,,,
,,,,,,,,
,,,,,,,,
,,,,,,,,
,,,,,,,,
,,,,,,,,
,,,,,,,,
,,,,,,,,
,,,,,,,,
,,,,,,,,
,,,,,,,,
,,,,,,,,
,,,,,,,,
,,,,,,,,
,,,,,,,,
,,,,,,,,
,,,,,,,,
,,,,,,,,
,,,,,,,,
,,,,,,,,
,,,,,,,,
,,,,,,,,
,,,,,,,,
,,,,,,,,
,,,,,,,,
,,,,,,,,
,,,,,,,,
,,,,,,,,
,,,,,,,,
,,,,,,,,
,,,,,,,,
,,,,,,,,
,,,,,,,,
,,,,,,,,
,,,,,,,,
,,,,,,,,
,,,,,,,,
,,,,,,,,
,,,,,,,,
,,,,,,,,
,,,,,,,,
,,,,,,,,
,,,,,,,,
,,,,,,,,
,,,,,,,,
,,,,,,,,
,,,,,,,,
,,,,,,,,
,,,,,,,,
,,,,,,,,
,,,,,,,,
,,,,,,,,
,,,,,,,,
,,,,,,,,
,,,,,,,,
,,,,,,,,
,,,,,,,,
,,,,,,,,
,,,,,,,,
,,,,,,,,
,,,,,,,,
,,,,,,,,
,,,,,,,,
,,,,,,,,
,,,,,,,,
,,,,,,,,
,,,,,,,,
,,,,,,,,
,,,,,,,,
,,,,,,,,
,,,,,,,,
,,,,,,,,
,,,,,,,,
,,,,,,,,
,,,,,,,,
,,,,,,,,
,,,,,,,,
,,,,,,,,
,,,,,,,,
,,,,,,,,
,,,,,,,,
,,,,,,,,
,,,,,,,,
,,,,,,,,
,,,,,,,,
,,,,,,,,
,,,,,,,,
,,,,,,,,
,,,,,,,,
,,,,,,,,
,,,,,,,,
,,,,,,,,
,,,,,,,,
,,,,,,,,
,,,,,,,,
,,,,,,,,
,,,,,,,,
,,,,,,,,
,,,,,,,,
,,,,,,,,
,,,,,,,,
,,,,,,,,
,,,,,,,,
,,,,,,,,
,,,,,,,,
,,,,,,,,
,,,,,,,,
