VIN,lines,destination,departTime,carType,capacity,price,takenBy
LFBJDBB43WJ000118,AD1,airport,9:00,JS6127GHBEV,22,10,131
LFBJDBB43WJ000119,HA1,hotel,10:00,JS6127GHBEV,22,5,132
LFBJDBB43WJ000120,DH1,downtown,11:00,JS6199GHBRH,30,5,133
LFBJDBB43WJ000121,AD2,airport,12:00,JS6127GHBEV,22,10,134
LFBJDBB43WJ000122,HA2,hotel,13:00,JS6127GHBEV,22,5,124
LFBJDBB43WJ000123,DH2,downtown,14:00,JS6199GHBRH,30,5,125
LFBJDBB43WJ000118,DA1,downtown,15:00,JS6127GHBEV,22,10,131
LFBJDBB43WJ000119,AH1,airport,16:00,JS6127GHBEV,22,5,132
LFBJDBB43WJ000120,HD1,hotel,17:00,JS6199GHBRH,30,5,133
LFBJDBB43WJ000121,DA2,downtown,18:00,JS6127GHBEV,22,10,134
LFBJDBB43WJ000122,AH2,airport,19:00,JS6127GHBEV,22,5,124
LFBJDBB43WJ000123,HD2,hotel,20:00,JS6199GHBRH,30,5,125