ssn,name,address,gender,phone,dob,cardNo,memberNo
412-37-4540,Hedda,"44 Bowen st,worcester, MA",F,422133108,1990-1-1,3.70772E+15,100460
412-37-4471,Bronson,"28 Barnett st,worcester, MA",M,144370650,1990-1-1,4.1604E+15,100498
412-37-4607,Ula,"153 Tony st,worcester, MA",F,422134213,1990-1-1,5.77873E+15,100534
860-32-4433,Pamela,"82 Hardy st,worcester, MA",F,422133290,1990-1-1,7.42987E+15,100314
412-37-4498,Sidonius,"13 Alston st,worcester, MA",M,144349860,1990-1-1,4.18368E+15,100373
420-43-3323,Genevieve,"40 Bowen st,worcester, MA",F,850376456,1990-1-1,6.81063E+15,100327
412-37-4464,Borden,"135 Philip st,worcester, MA",M,144365722,1990-1-1,8.45589E+15,100652
420-43-3338,Tess,"121, MAxwell st,worcester, MA",F,422134096,1990-1-1,7.52105E+15,100497
860-32-4377,Ulan,"117 Lewis st,worcester, MA",M,144355712,1990-1-1,4.32714E+15,100662
420-43-3324,Utz,"125, MAxwell st,worcester, MA",M,144358022,1990-1-1,8.9299E+15,100189
551-32-4184,Marcia,"112 Larry st,worcester, MA",F,847324600,1990-1-1,8.75263E+15,100128
860-32-4407,Yvette,"72 Eric st,worcester, MA",F,144346318,1990-1-1,6.12164E+15,100573
412-37-4396,Odelette,"142 Scott st,worcester, MA",F,422133186,1990-1-1,5.37745E+15,100380
412-37-4467,Arkell,"36 Ben st,worcester, MA",M,422132497,1990-1-1,8.2955E+15,100669
551-32-4170,Byrne,"5 Abel st,worcester, MA",M,422132471,1990-1-1,4.00071E+15,100182
420-43-3329,Joanna,"111 Leo st,worcester, MA",F,849211932,1990-1-1,4.73718E+15,100423
420-43-3283,Elsa,"140 Regan st,worcester, MA",F,238311597,1990-1-1,5.10498E+15,100039
551-32-4202,Sigmund,"53 Cedric st,worcester, MA",M,144349398,1990-1-1,6.46313E+15,100686
420-43-3292,Armand,"121, MAgee st,worcester, MA",M,422132575,1990-1-1,4.25721E+15,100270
412-37-4521,Fay,"79 Gene st,worcester, MA",F,850858328,1990-1-1,5.86546E+15,100296
860-32-4345,Boguslaw,"31 Beacher st,worcester, MA",M,144365106,1990-1-1,3.56573E+15,100025
412-37-4499,Juliet,"69 Edgar st,worcester, MA",F,848770216,1990-1-1,4.18432E+15,100394
551-32-4185,Hulda,"72 Frank st,worcester, MA",F,850095364,1990-1-1,6.85478E+15,100697
420-43-3245,Vachel,"113 Lewis st,worcester, MA",M,144358484,1990-1-1,3.83496E+15,100256
551-32-4133,Arthur,"132 Philip st,worcester, MA",M,422132757,1990-1-1,8.85119E+15,100028
420-43-3281,Udeh,"113 King st,worcester, MA",M,144355096,1990-1-1,7.23363E+15,100175
420-43-3302,Ulrich,"118, MAtt st,worcester, MA",M,144356251,1990-1-1,4.36831E+15,100049
551-32-4262,Jenny,"58 Clare st,worcester, MA",F,849452868,1990-1-1,8.62898E+15,100462
551-32-4260,Benno,"13 Adonis st,worcester, MA",M,144361102,1990-1-1,7.87668E+15,100717
420-43-3322,Stacy,"16 Alvin st,worcester, MA",M,144350630,1990-1-1,1.19362E+15,100070
412-37-4622,Irma,"144 Tim st,worcester, MA",F,849854428,1990-1-1,3.22365E+15,100643
420-43-3271,Benito,"63 Edgar st,worcester, MA",M,144360948,1990-1-1,8.5113E+15,100318
412-37-4615,Sheila,"32 Ben st,worcester, MA",F,422133849,1990-1-1,6.77434E+15,100204
551-32-4147,Boswell,"80 Gordon st,worcester, MA",M,144366415,1990-1-1,3.87134E+15,100632
420-43-3327,Hilda,"85 Gordon st,worcester, MA",F,850215832,1990-1-1,1.79376E+15,100713
860-32-4432,Stanway,"131 Omar st,worcester, MA",M,144351169,1990-1-1,7.24663E+15,100286
412-37-4582,Blaz,"128 Michael st,worcester, MA",M,144364336,1990-1-1,2.23001E+15,100238
450-12-3704,Chloe,"34 Beacher st,worcester, MA",F,446566677,1990-1-1,1.97411E+15,100634
551-32-4161,Armin,"136 Robert st,worcester, MA",M,422132614,1990-1-1,5.77673E+15,100671
412-37-4502,Tracy,"145 Sam st,worcester, MA",F,422134174,1990-1-1,8.57056E+15,100696
412-37-4575,Griselda,"59 Christopher st,worcester, MA",F,144366030,1990-1-1,6.77622E+15,100224
450-12-3675,Brand,"30 Ben st,worcester, MA",M,144367801,1990-1-1,3.96385E+15,100069
412-37-4516,Josephine,"9 Alexander  st,worcester, MA",F,849051308,1990-1-1,8.4995E+15,100437
551-32-4221,Bevis,"72 Egbert st,worcester, MA",M,144362873,1990-1-1,7.64288E+15,100690
450-12-3682,Monica,"148 Tim st,worcester, MA",F,422132952,1990-1-1,6.93904E+15,100675
412-37-4570,Rita,"116, MAgee st,worcester, MA",F,422133576,1990-1-1,4.78967E+15,100072
412-37-4385,Bjoern,"30 Barnett st,worcester, MA",M,144363643,1990-1-1,6.98799E+15,100036
551-32-4166,Aron,"101 Keith st,worcester, MA",M,422132679,1990-1-1,1.44242E+15,100630
551-32-4141,Arley,"35 Benjamin st,worcester, MA",M,422132549,1990-1-1,3.05853E+15,100168
412-37-4495,Diana,"151 Vincent st,worcester, MA",F,337232760,1990-1-1,3.65562E+15,100358
860-32-4385,Bridger,"84 Herman st,worcester, MA",M,144369572,1990-1-1,5.73557E+15,100514
412-37-4417,Prudence,"70 Edgar st,worcester, MA",F,422133459,1990-1-1,7.24965E+15,100604
412-37-4469,Stefan,"139 Robert st,worcester, MA",M,144351323,1990-1-1,3.04867E+15,100578
412-37-4657,Rosemary,"26 Baldwin st,worcester, MA",F,422133641,1990-1-1,1.41257E+15,100404
420-43-3370,Bhrigu,"45 Caesar st,worcester, MA",M,144362950,1990-1-1,4.13687E+15,100395
412-37-4595,Singh,"6 Abel st,worcester, MA",M,144348628,1990-1-1,3.81485E+15,100328
412-37-4403,Nancy,"94 Ingemar st,worcester, MA",F,422132900,1990-1-1,6.9407E+15,100017
420-43-3246,Bogart,"91 Herman st,worcester, MA",M,144364875,1990-1-1,1.45109E+15,100217
551-32-4220,Erin,"53 Christopher st,worcester, MA",F,196660581,1990-1-1,2.29249E+15,100093
412-37-4422,Arlene,"98 James st,worcester, MA",F,448377118,1990-1-1,3.65742E+15,100427
551-32-4233,Uzi,"137 Paddy st,worcester, MA",M,144358176,1990-1-1,3.18058E+15,100130
860-32-4435,Ubeto,"20 Antony st,worcester, MA",M,144355019,1990-1-1,2.262E+15,100264
412-37-4406,Natalie,"91 Ingemar st,worcester, MA",F,422132887,1990-1-1,4.95934E+15,100174
412-37-4609,Nydia,"25 Barnett st,worcester, MA",F,422132770,1990-1-1,1.20962E+15,100392
412-37-4532,Virginia,"157 Winston st,worcester, MA",F,144345317,1990-1-1,1.34605E+15,100374
412-37-4580,Braxton,"51 Buck st,worcester, MA",M,144368340,1990-1-1,4.14221E+15,100220
412-37-4589,Blazej,"100 Jack st,worcester, MA",M,144364413,1990-1-1,5.36285E+15,100370
420-43-3353,Zenobia,"141 Regan st,worcester, MA",F,144346549,1990-1-1,7.13534E+15,100316
860-32-4376,Uistean,"111 King st,worcester, MA",M,144355635,1990-1-1,8.17899E+15,100180
860-32-4418,Suman,"65 Egbert st,worcester, MA",M,144353479,1990-1-1,7.31988E+15,100177
860-32-4361,Daisy,"64 Dave st,worcester, MA",F,394502907,1990-1-1,8.71644E+15,100479
412-37-4496,Mona,"59 Dave st,worcester, MA",F,422132965,1990-1-1,5.19802E+15,100454
860-32-4354,Mabel,"17 Alvin st,worcester, MA",F,847565536,1990-1-1,3.3125E+15,100543
860-32-4423,Brett,"145 Steven st,worcester, MA",M,144369110,1990-1-1,4.75793E+15,100572
412-37-4660,Jessica,"133 Paddy st,worcester, MA",F,849372556,1990-1-1,5.55238E+15,100472
412-37-4569,Dawn,"40 Bernard st,worcester, MA",F,368471022,1990-1-1,1.8171E+15,100689
450-12-3679,Burton,"125 Michael st,worcester, MA",M,422132458,1990-1-1,5.09585E+15,100710
420-43-3360,Beaumont,"114 Lewis st,worcester, MA",M,144359793,1990-1-1,3.37154E+15,100386
860-32-4369,Modesty,"90 Ingemar st,worcester, MA",F,422133004,1990-1-1,1.27937E+15,100377
412-37-4567,Ugod,"126, MAxwell st,worcester, MA",M,144355404,1990-1-1,4.18951E+15,100576
412-37-4531,Wanda,"45 Bill st,worcester, MA",F,144345625,1990-1-1,5.22015E+15,100455
860-32-4419,Brencis,"143 Scott st,worcester, MA",M,144368725,1990-1-1,3.10611E+15,100218
551-32-4190,Madeline,"150 Vincent st,worcester, MA",F,847525380,1990-1-1,8.96735E+15,100567
551-32-4158,Geraldine,"82 Harold st,worcester, MA",F,850296144,1990-1-1,2.13678E+15,100254
420-43-3315,Agnes,"110 Larry st,worcester, MA",F,706885527,1990-1-1,1.2798E+15,100339
420-43-3247,Olga,"68 Edgar st,worcester, MA",F,422133212,1990-1-1,7.78572E+15,100381
420-43-3346,Yetta,"80 Gary st,worcester, MA",F,144346241,1990-1-1,1.54155E+15,100196
551-32-4134,Elsie,"149 Vincent st,worcester, MA",F,233105220,1990-1-1,8.93135E+15,100548
412-37-4504,Bond,"116 Leo st,worcester, MA",M,144365414,1990-1-1,8.14049E+15,100586
412-37-4459,Rae,"30 Barret st,worcester, MA",F,422133511,1990-1-1,2.03627E+15,100260
551-32-4188,Bromley,"97 Jay st,worcester, MA",M,144370496,1990-1-1,4.8492E+15,100417
412-37-4633,Renee,"75 Eric st,worcester, MA",F,422133563,1990-1-1,7.65355E+15,100396
412-37-4626,Ugor,"86 Henry st,worcester, MA",M,144355481,1990-1-1,7.26083E+15,100044
860-32-4411,Lindsay,"64 Edgar st,worcester, MA",F,847886784,1990-1-1,7.17549E+15,100653
412-37-4600,Sullivan,"124, MAtt st,worcester, MA",M,144353248,1990-1-1,8.5811E+15,100436
412-37-4586,Yvonne,"122, MAtt st,worcester, MA",F,144346395,1990-1-1,8.48173E+15,100575
420-43-3252,Karen,"10 Adam st,worcester, MA",F,848649748,1990-1-1,2.2705E+15,100680
420-43-3277,Skye,"107 Ken st,worcester, MA",M,144348243,1990-1-1,3.05203E+15,100530
412-37-4640,Gill,"144 Sam st,worcester, MA",F,144366338,1990-1-1,6.91798E+15,100633
412-37-4545,Valerian,"159 Will st,worcester, MA",M,144359408,1990-1-1,2.11559E+15,100027
551-32-4154,Marina,"100 Keith st,worcester, MA",F,847163976,1990-1-1,3.27061E+15,100228
420-43-3304,Nina,"120, MAtt st,worcester, MA",F,422132822,1990-1-1,6.80032E+15,100303
420-43-3276,Braden,"136 Raymond st,worcester, MA",M,144367262,1990-1-1,5.23276E+15,100510
420-43-3335,Gabrielle,"25 Antony st,worcester, MA",F,850496924,1990-1-1,6.48473E+15,100640
412-37-4631,Sebastiane,"57 Clare st,worcester, MA",F,422133810,1990-1-1,6.57206E+15,100172
412-37-4411,Paul,"7 Adam st,worcester, MA",M,144358407,1990-1-1,2.95567E+15,100705
860-32-4330,Ubadah,"59 Darcy st,worcester, MA",M,144354865,1990-1-1,7.58133E+15,100129
860-32-4349,Bernhard,"105 Jerry st,worcester, MA",M,144362103,1990-1-1,8.46632E+15,100084
412-37-4507,Bob,"67 Eric st,worcester, MA",M,144364490,1990-1-1,2.84329E+15,100431
412-37-4512,Bitalo,"125, MAtt st,worcester, MA",M,144363566,1990-1-1,6.85979E+15,100310
420-43-3355,Ustin,"113 Leo st,worcester, MA",M,144357714,1990-1-1,7.1199E+15,100143
412-37-4538,Ulandus,"136 Paddy st,worcester, MA",M,144355866,1990-1-1,2.13132E+15,100183
420-43-3339,Berwin,"11 Abel st,worcester, MA",M,144362642,1990-1-1,8.50706E+15,100402
420-43-3345,Sonnagh,"35 Ben st,worcester, MA",M,144346934,1990-1-1,6.59595E+15,100560
412-37-4390,Boleslaw,"10 Alfred st,worcester, MA",M,144365260,1990-1-1,4.98579E+15,100663
412-37-4564,Lorraine,"122, MAxwell st,worcester, MA",F,847766316,1990-1-1,7.09632E+15,100694
860-32-4403,Martina,"107 Keith st,worcester, MA",F,847043508,1990-1-1,4.22773E+15,100030
412-37-4479,Jennifer,"24 Baldwin st,worcester, MA",F,849493024,1990-1-1,4.72862E+15,100087
860-32-4344,Brahnan,"16 Alexander  st,worcester, MA",M,144367493,1990-1-1,8.17569E+15,100340
412-37-4405,Trista,"12 Alston st,worcester, MA",F,422134187,1990-1-1,1.75214E+15,100501
412-37-4503,Truda,"59 Clare st,worcester, MA",F,422134200,1990-1-1,5.84371E+15,100579
860-32-4382,Szczesny,"132 Paddy st,worcester, MA",M,144354403,1990-1-1,2.76606E+15,100045
420-43-3321,Sarah,"69 Dean st,worcester, MA",F,422133797,1990-1-1,5.46603E+15,100107
412-37-4440,Bjorn,"135 Raymond st,worcester, MA",M,144363720,1990-1-1,1.16807E+15,100499
420-43-3359,Vita,"62 Darcy st,worcester, MA",F,144345394,1990-1-1,1.89763E+15,100391
412-37-4389,Vanessa,"157 Walker st,worcester, MA",F,422134278,1990-1-1,8.26097E+15,100440
860-32-4347,Stein,"14 Alfred st,worcester, MA",M,144351477,1990-1-1,7.76727E+15,100244
420-43-3340,Brewster,"116 Lewis st,worcester, MA",M,144369187,1990-1-1,7.07782E+15,100419
551-32-4137,Eden,"143 Sam st,worcester, MA",F,285168990,1990-1-1,5.02008E+15,100053
412-37-4533,Botond,"125 Merle st,worcester, MA",M,144366569,1990-1-1,7.96902E+15,100418
420-43-3264,Bernd,"137 Robert st,worcester, MA",M,144362026,1990-1-1,7.66632E+15,100624
450-12-3700,Stedman,"14 Alvin st,worcester, MA",M,144351246,1990-1-1,5.97397E+15,100588
412-37-4525,Beck,"155 Vincent st,worcester, MA",M,144359947,1990-1-1,8.9462E+15,100365
412-37-4500,Kristin,"129 Nat st,worcester, MA",F,848408812,1990-1-1,4.82615E+15,100163
860-32-4367,Slade,"21 Alvin st,worcester, MA",M,144348166,1990-1-1,7.51699E+15,100355
412-37-4571,Carol,"47 Caesar st,worcester, MA",F,493424070,1990-1-1,8.75137E+15,100672
860-32-4413,Brandon,"115, MAgee st,worcester, MA",M,144367955,1990-1-1,2.78205E+15,100564
420-43-3303,Brock,"118, MArk st,worcester, MA",M,144370111,1990-1-1,7.85404E+15,100558
412-37-4430,Sterne,"72 Fitch st,worcester, MA",M,144351862,1990-1-1,5.34477E+15,100263
412-37-4494,Brayden,"146 Scott st,worcester, MA",M,144368494,1990-1-1,7.41175E+15,100486
860-32-4326,Penelope,"12 Alexander  st,worcester, MA",F,422133355,1990-1-1,7.20766E+15,100654
412-37-4530,Zoe,"26 Barnett st,worcester, MA",F,144346626,1990-1-1,6.98607E+15,100334
412-37-4478,Olive,"142 Steven st,worcester, MA",F,422133225,1990-1-1,5.74589E+15,100345
551-32-4182,Blaise,"110 Kerr st,worcester, MA",M,144364105,1990-1-1,8.21584E+15,100250
420-43-3299,Delia,"19 Alston st,worcester, MA",F,347645514,1990-1-1,5.18689E+15,100035
860-32-4391,Art,"54 Cedric st,worcester, MA",M,422132744,1990-1-1,2.06122E+15,100212
412-37-4485,Upshaw,"126 Michael st,worcester, MA",M,144356944,1990-1-1,7.9912E+15,100043
420-43-3270,Selena,"43 Bowen st,worcester, MA",F,422133823,1990-1-1,7.04018E+15,100219
412-37-4520,Steve,"129 Michael st,worcester, MA",M,144351939,1990-1-1,5.44288E+15,100171
412-37-4549,Clara,"39 Benjamin st,worcester, MA",F,430947546,1990-1-1,4.09112E+15,100709
412-37-4388,Burgess,"76 Fitch st,worcester, MA",M,821323351,1990-1-1,1.18749E+15,100262
551-32-4245,Brom,"18 Angelo st,worcester, MA",M,144370419,1990-1-1,2.62611E+15,100140
551-32-4176,Sidney,"46 Bill st,worcester, MA",M,144349937,1990-1-1,4.57253E+15,100344
551-32-4173,Briand,"56 Cyril st,worcester, MA",M,144369418,1990-1-1,2.96501E+15,100309
450-12-3693,Udolf,"92 Hobart st,worcester, MA",M,144355250,1990-1-1,4.15873E+15,100268
412-37-4421,Lillian,"22 Alvin st,worcester, MA",F,847967096,1990-1-1,5.94194E+15,100415
551-32-4237,Dolores,"2 Aaron st,worcester, MA",F,326820006,1990-1-1,8.43137E+15,100584
412-37-4371,Gloria,"96 Ivan st,worcester, MA",F,144366184,1990-1-1,4.29534E+15,100519
412-37-4636,Amanda,"137 Regan st,worcester, MA",F,615647265,1990-1-1,5.25965E+15,100609
412-37-4548,Berton,"151 Walker st,worcester, MA",M,144362488,1990-1-1,2.43103E+15,100054
551-32-4204,Stacey,"44 Buck st,worcester, MA",F,422133953,1990-1-1,3.28966E+15,100390
412-37-4462,Theresa,"80 Hardy st,worcester, MA",F,422134122,1990-1-1,4.3596E+15,100673
551-32-4210,Ultman,"55 Cedric st,worcester, MA",M,144356405,1990-1-1,8.45742E+15,100475
412-37-4627,Janet,"153 Wayne st,worcester, MA",F,849613492,1990-1-1,1.4702E+15,100452
860-32-4392,Arne,"133 Omar st,worcester, MA",M,422132640,1990-1-1,2.40021E+15,100596
551-32-4251,Berthold,"101 James st,worcester, MA",M,144362411,1990-1-1,4.40965E+15,100465
551-32-4131,Maggie,"105 Keith st,worcester, MA",F,847445068,1990-1-1,5.37621E+15,100432
412-37-4449,Mamie,"102 Jack st,worcester, MA",F,847404912,1990-1-1,6.98261E+15,100659
412-37-4511,Susan,"133 Raymond st,worcester, MA",F,422133992,1990-1-1,3.5811E+15,100623
551-32-4186,Bryant,"49 Buck st,worcester, MA",M,144371343,1990-1-1,1.80185E+15,100052
551-32-4165,Arnold,"77 Fitch st,worcester, MA",M,422132653,1990-1-1,4.26915E+15,100249
420-43-3358,Elma,"25 Angelo st,worcester, MA",F,243517974,1990-1-1,8.67482E+15,100551
860-32-4384,Leona,"96 Jay st,worcester, MA",F,848127720,1990-1-1,2.58026E+15,100704
551-32-4130,Birch,"146 Tim st,worcester, MA",M,144363412,1990-1-1,8.28195E+15,100192
412-37-4654,Szerv,"64 Dean st,worcester, MA",M,144354557,1990-1-1,1.53084E+15,100668
860-32-4386,Vera,"41 Bernard st,worcester, MA",F,144344701,1990-1-1,3.23051E+15,100071
860-32-4379,Simeon,"40 Benson st,worcester, MA",M,144348859,1990-1-1,8.59249E+15,100243
412-37-4604,Urjavaha,"78 Frank st,worcester, MA",M,144357560,1990-1-1,1.37676E+15,100553
420-43-3290,Ugo,"26 Antony st,worcester, MA",M,144355327,1990-1-1,3.81158E+15,100208
412-37-4451,Sieglinde,"160 Will st,worcester, MA",M,144349629,1990-1-1,6.68446E+15,100356
412-37-4492,Valeray,"101 Jay st,worcester, MA",M,144359331,1990-1-1,6.6808E+15,100688
412-37-4565,Anastasia,"114, MAgee st,worcester, MA",F,570028134,1990-1-1,6.64204E+15,100255
412-37-4550,Hedy,"66 Edgar st,worcester, MA",F,422133095,1990-1-1,2.32865E+15,100446
860-32-4399,Ethel,"106 King st,worcester, MA",F,186247827,1990-1-1,1.30904E+15,100670
412-37-4431,Branko,"58 Cyril st,worcester, MA",M,144368109,1990-1-1,1.22375E+15,100269
412-37-4455,Ophelia,"22 Antony st,worcester, MA",F,422133251,1990-1-1,5.00365E+15,100048
551-32-4223,Irene,"111 Kerr st,worcester, MA",F,849934740,1990-1-1,6.32574E+15,100614
860-32-4416,Brody,"9 Adam st,worcester, MA",M,144370342,1990-1-1,3.12675E+15,100539
551-32-4197,Becse,"59 Charles st,worcester, MA",M,144360024,1990-1-1,2.62034E+15,100304
860-32-4409,Staffan,"27 Antony st,worcester, MA",M,144350707,1990-1-1,3.04742E+15,100325
412-37-4470,Vahe,"88 Hyman st,worcester, MA",M,144358715,1990-1-1,5.63576E+15,100337
551-32-4252,Vallis,"102 Jerry st,worcester, MA",M,144359639,1990-1-1,4.92575E+15,100026
412-37-4635,Pag,"29 Baldwin st,worcester, MA",F,422133264,1990-1-1,2.69098E+15,100563
860-32-4398,Sophronio,"4 Aaron st,worcester, MA",M,144346857,1990-1-1,8.7488E+15,100433
420-43-3337,Valdis,"47 Carter st,worcester, MA",M,144359023,1990-1-1,4.92362E+15,100094
420-43-3364,Bruce,"123, MAxwell st,worcester, MA",M,144371035,1990-1-1,4.17331E+15,100222
412-37-4664,Frederica,"57 Colbert st,worcester, MA",F,850577236,1990-1-1,5.84644E+15,100289
860-32-4374,Octavia,"40 Benjamin st,worcester, MA",F,422133173,1990-1-1,7.51633E+15,100247
551-32-4250,Armen,"79 Frank st,worcester, MA",M,422132601,1990-1-1,8.71524E+15,100089
450-12-3681,Sumadhur,"96 Ingemar st,worcester, MA",M,144353402,1990-1-1,8.29986E+15,100001
412-37-4400,Prima,"65 Dean st,worcester, MA",F,422133446,1990-1-1,7.97289E+15,100483
420-43-3256,Emily,"61 Dean st,worcester, MA",F,217486089,1990-1-1,6.21244E+15,100719
450-12-3712,Borislav,"149 Tim st,worcester, MA",M,144365953,1990-1-1,2.58275E+15,100165
860-32-4334,Burne,"3 Aaron st,worcester, MA",M,422132419,1990-1-1,7.23709E+15,100683
412-37-4555,Sherry,"114 Larry st,worcester, MA",F,422133862,1990-1-1,3.44813E+15,100428
412-37-4435,Grace,"155 Walker st,worcester, MA",F,144366107,1990-1-1,2.32081E+15,100227
551-32-4171,Beatrice,"27 Barnett st,worcester, MA",F,357138856,1990-1-1,1.66371E+15,100526
420-43-3275,Teresa,"134 Philip st,worcester, MA",F,422134083,1990-1-1,4.12468E+15,100665
450-12-3701,"Stanley,Stan","69 Eric st,worcester, MA",M,144351092,1990-1-1,4.79367E+15,100517
412-37-4556,Boyd,"77 Frank st,worcester, MA",M,144366954,1990-1-1,1.84295E+15,100253
420-43-3258,Siegfried,"84 Hardy st,worcester, MA",M,144349783,1990-1-1,8.03137E+15,100068
412-37-4384,Suraj,"106 Jerry st,worcester, MA",M,144353710,1990-1-1,3.61503E+15,100405
450-12-3698,Uri,"157 Will st,worcester, MA",M,144357175,1990-1-1,4.76782E+15,100191
450-12-3683,Sandy,"92 Herman st,worcester, MA",F,422133771,1990-1-1,8.64183E+15,100397
412-37-4655,Alma,"124 Merle st,worcester, MA",F,646060019,1990-1-1,5.7769E+15,100489
420-43-3262,Berkeley,"27 Baldwin st,worcester, MA",M,144361872,1990-1-1,4.20703E+15,100188
551-32-4227,Szev,"82 Gene st,worcester, MA",M,144354634,1990-1-1,2.42793E+15,100677
412-37-4475,Stoyan,"108 Larry st,worcester, MA",M,144352478,1990-1-1,5.34618E+15,100359
420-43-3296,Skeet,"61 Darcy st,worcester, MA",M,144348397,1990-1-1,1.79044E+15,100716
551-32-4267,Myra,"49 Cedric st,worcester, MA",F,422132926,1990-1-1,4.8898E+15,100502
860-32-4372,Ben,"46 Bowen st,worcester, MA",M,144360717,1990-1-1,3.53947E+15,100435
412-37-4603,Uilliam,"78 Gary st,worcester, MA",M,144355558,1990-1-1,2.17509E+15,100545
420-43-3318,Merry,"123, MArk st,worcester, MA",F,846601792,1990-1-1,1.10132E+15,100311
420-43-3356,Sibyl,"46 Caesar st,worcester, MA",F,422133888,1990-1-1,3.36585E+15,100438
551-32-4229,Sigfried,"65 Edgar st,worcester, MA",M,144349475,1990-1-1,5.07206E+15,100190
551-32-4235,Adela,"86 Herman st,worcester, MA",F,767711035,1990-1-1,4.19887E+15,100506
412-37-4413,Megan,"119, MAgee st,worcester, MA",F,846722260,1990-1-1,3.7072E+15,100112
412-37-4404,Betsy,"118, MAgee st,worcester, MA",F,235487840,1990-1-1,5.31757E+15,100173
412-37-4576,Erica,"140 Raymond st,worcester, MA",F,201866958,1990-1-1,5.22565E+15,100293
412-37-4646,Britt,"79 Gary st,worcester, MA",M,144369957,1990-1-1,8.09053E+15,100494
551-32-4241,Mildred,"115 Larry st,worcester, MA",F,422133056,1990-1-1,6.59002E+15,100282
450-12-3695,Angela,"78 Hardy st,worcester, MA",F,539615380,1990-1-1,5.87551E+15,100425
860-32-4371,Spark,"13 Adam st,worcester, MA",M,144350322,1990-1-1,7.08427E+15,100280
412-37-4647,Ella,"49 Caesar st,worcester, MA",F,248724351,1990-1-1,4.82973E+15,100181
412-37-4534,Berry,"21 Antony st,worcester, MA",M,144362180,1990-1-1,5.86423E+15,100333
420-43-3314,Buckley,"88 Hobart st,worcester, MA",M,144371651,1990-1-1,6.94682E+15,100399
412-37-4519,Lee,"98 Jerry st,worcester, MA",F,848248188,1990-1-1,1.89068E+15,100111
420-43-3259,Bishop,"18 Alvin st,worcester, MA",M,144363489,1990-1-1,6.93196E+15,100075
860-32-4412,Bronislaw,"60 Darcy st,worcester, MA",M,144370573,1990-1-1,7.35798E+15,100176
420-43-3328,Harriet,"27 Barret st,worcester, MA",F,422133134,1990-1-1,4.79954E+15,100546
551-32-4244,Burr,"98 Ingemar st,worcester, MA",M,422132432,1990-1-1,6.6446E+15,100209
412-37-4542,Catherine,"57 Charles st,worcester, MA",F,483011316,1990-1-1,7.92346E+15,100629
551-32-4126,Sven,"35 Benson st,worcester, MA",M,144354018,1990-1-1,7.92707E+15,100538
412-37-4434,Betty,"139 Regan st,worcester, MA",F,220281463,1990-1-1,7.46759E+15,100306
860-32-4394,Cornelia,"147 Scott st,worcester, MA",F,410122038,1990-1-1,7.71923E+15,100703
551-32-4231,Brendan,"14 Alexander  st,worcester, MA",M,144368802,1990-1-1,4.42707E+15,100082
420-43-3280,Bblythe,"33 Ben st,worcester, MA",F,174662332,1990-1-1,7.04499E+15,100449
420-43-3268,Abigail,"141 Scott st,worcester, MA",F,798123789,1990-1-1,2.25543E+15,100193
412-37-4584,Studs,"109 Ken st,worcester, MA",M,144352786,1990-1-1,6.08305E+15,100271
551-32-4225,Kelly,"39 Bernard st,worcester, MA",F,848529280,1990-1-1,2.9858E+15,100508
412-37-4588,Maud,"81 Gordon st,worcester, MA",F,846963196,1990-1-1,7.47867E+15,100281
420-43-3249,Stokley,"22 Angelo st,worcester, MA",M,144352324,1990-1-1,6.40729E+15,100407
412-37-4578,Anna,"86 Hobart st,worcester, MA",F,509202626,1990-1-1,6.50011E+15,100331
412-37-4383,Stanley,"103 James st,worcester, MA",M,144351015,1990-1-1,3.6555E+15,100167
412-37-4585,Sol,"19 Alvin st,worcester, MA",M,144347319,1990-1-1,2.56152E+15,100352
412-37-4543,Uzoma,"15 Alston st,worcester, MA",M,144358253,1990-1-1,2.98962E+15,100566
420-43-3354,Briac,"17 Alston st,worcester, MA",M,144369264,1990-1-1,7.99885E+15,100378
860-32-4365,Bowie,"48 Buck st,worcester, MA",M,144366723,1990-1-1,2.45593E+15,100484
412-37-4509,Eve,"155 Will st,worcester, MA",F,165422319,1990-1-1,4.64385E+15,100453
412-37-4412,Sinclair,"135 Regan st,worcester, MA",M,144348705,1990-1-1,3.56913E+15,100488
860-32-4420,Stewart,"135 Omar st,worcester, MA",M,144352093,1990-1-1,7.03538E+15,100055
412-37-4463,Hilary,"149 Steven st,worcester, MA",F,850175676,1990-1-1,6.51306E+15,100166
412-37-4376,Snowden,"62 Cyril st,worcester, MA",M,144347627,1990-1-1,2.11816E+15,100585
412-37-4616,Slevin,"108 Ken st,worcester, MA",M,144348012,1990-1-1,1.2216E+15,100159
551-32-4175,Helen,"48 Carter st,worcester, MA",F,422133082,1990-1-1,1.24768E+15,100605
420-43-3357,Nicola,"89 Hyman st,worcester, MA",F,422132848,1990-1-1,7.16783E+15,100656
420-43-3269,Julie,"153 Walker st,worcester, MA",F,848810372,1990-1-1,3.56449E+15,100056
412-37-4456,Utt,"31 Barnett st,worcester, MA",M,144357868,1990-1-1,1.25093E+15,100582
420-43-3242,Cynthia,"99 Ivan st,worcester, MA",F,399709284,1990-1-1,3.82156E+15,100603
551-32-4199,June,"77 Gary st,worcester, MA",F,848730060,1990-1-1,3.01755E+15,100216
860-32-4364,Bernard,"16 Alston st,worcester, MA",M,144361949,1990-1-1,2.66359E+15,100065
412-37-4594,Sydney,"151 Tony st,worcester, MA",M,144354249,1990-1-1,6.02839E+15,100400
420-43-3331,Cora,"90 Hobart st,worcester, MA",F,420534792,1990-1-1,7.5769E+15,100095
412-37-4605,Bjorne,"133 Nick st,worcester, MA",M,144363797,1990-1-1,4.98929E+15,100213
412-37-4663,Doreen,"5 Aaron st,worcester, MA",F,305994498,1990-1-1,2.20464E+15,100480
412-37-4460,Ulysses,"41 Benson st,worcester, MA",M,144356482,1990-1-1,5.58623E+15,100587
420-43-3278,Beverly,"35 Beacher st,worcester, MA",F,205075086,1990-1-1,2.94773E+15,100600
551-32-4164,Brazil,"13 Alfred st,worcester, MA",M,144368648,1990-1-1,3.01666E+15,100201
551-32-4162,Eudora,"69 Egbert st,worcester, MA",F,181041450,1990-1-1,7.66631E+15,100329
551-32-4194,Wallis,"73 Eric st,worcester, MA",F,144345548,1990-1-1,7.66839E+15,100079
551-32-4200,Michaelia,"20 Alvin st,worcester, MA",F,846521480,1990-1-1,7.02968E+15,100078
551-32-4263,Dana,"58 Darcy st,worcester, MA",F,384090153,1990-1-1,2.49975E+15,100297
412-37-4373,Szemere,"78 Gordon st,worcester, MA",M,144354480,1990-1-1,2.17425E+15,100559
860-32-4341,Viola,"105 Ken st,worcester, MA",F,144345163,1990-1-1,2.93641E+15,100031
860-32-4331,Botolf,"103 Keith st,worcester, MA",M,144366492,1990-1-1,7.25787E+15,100522
551-32-4148,Tabitha,"117, MAgee st,worcester, MA",F,422134057,1990-1-1,8.47697E+15,100459
420-43-3253,Berenger,"94 Jack st,worcester, MA",M,144361487,1990-1-1,4.70322E+15,100607
860-32-4360,Joy,"93 Hyman st,worcester, MA",F,849011152,1990-1-1,7.46899E+15,100149
551-32-4218,Arsen,"110 King st,worcester, MA",M,422132718,1990-1-1,7.5994E+15,100152
412-37-4659,Christine,"58 Christopher st,worcester, MA",F,441360300,1990-1-1,5.90249E+15,100594
860-32-4396,Brown,"42 Bowen st,worcester, MA",M,144370958,1990-1-1,7.24389E+15,100225
412-37-4618,Afra,"25 Baldwin st,worcester, MA",F,737298281,1990-1-1,6.74164E+15,100074
420-43-3334,Valentina,"60 Cyril st,worcester, MA",F,422134252,1990-1-1,6.17065E+15,100699
860-32-4434,Skipp,"57 Christopher st,worcester, MA",M,144348320,1990-1-1,3.56047E+15,100312
860-32-4359,Booker,"6 Aaron st,worcester, MA",M,144365491,1990-1-1,1.19393E+15,100235
420-43-3294,Susie,"31 Barret st,worcester, MA",F,422134018,1990-1-1,2.2097E+15,100057
412-37-4448,Bem,"149 Tony st,worcester, MA",M,144360563,1990-1-1,7.19134E+15,100241
412-37-4427,Lauren,"134 Raymond st,worcester, MA",F,848288344,1990-1-1,5.58011E+15,100266
420-43-3342,Bergren,"62 Dean st,worcester, MA",M,144361641,1990-1-1,5.05659E+15,100205
450-12-3713,Brook,"120, MArk st,worcester, MA",M,144370804,1990-1-1,3.47114E+15,100367
412-37-4429,Zara,"112 King st,worcester, MA",F,144346472,1990-1-1,6.76456E+15,100342
860-32-4366,Quintina,"96 Jack st,worcester, MA",F,422133485,1990-1-1,1.3177E+15,100426
551-32-4236,Brannon,"75 Gary st,worcester, MA",M,144368186,1990-1-1,5.1141E+15,100348
412-37-4489,Gustave,"102 Ken st,worcester, MA",F,144350091,1990-1-1,3.68539E+15,100110
412-37-4486,Ivy,"121, MArk st,worcester, MA",F,849774116,1990-1-1,1.58784E+15,100321
412-37-4375,Dominic,"158 Will st,worcester, MA",F,321613629,1990-1-1,1.69747E+15,100341
551-32-4261,Lena,"85 Hardy st,worcester, MA",F,848167876,1990-1-1,2.77481E+15,100556
412-37-4424,Bertram,"14 Adonis st,worcester, MA",M,144362565,1990-1-1,8.40897E+15,100004
412-37-4457,Bert,"141 Sam st,worcester, MA",M,144362334,1990-1-1,1.92875E+15,100360
412-37-4598,Silvano,"24 Barnett st,worcester, MA",M,144349167,1990-1-1,2.43778E+15,100353
412-37-4487,Urien,"52 Charles st,worcester, MA",M,144357483,1990-1-1,4.96217E+15,100658
551-32-4268,Hazel,"34 Benjamin st,worcester, MA",F,422133121,1990-1-1,6.02501E+15,100536
412-37-4547,Bryan,"161 York st,worcester, MA",M,144371266,1990-1-1,5.93721E+15,100023
420-43-3316,Byron,"16 Alfred st,worcester, MA",M,422132484,1990-1-1,5.65142E+15,100470
420-43-3274,April,"156 Wayne st,worcester, MA",F,463583495,1990-1-1,7.85031E+15,100461
860-32-4338,Candice,"83 Gene st,worcester, MA",F,850537080,1990-1-1,6.59954E+15,100302
860-32-4387,Emma,"57 Cedric st,worcester, MA",F,212279712,1990-1-1,8.3445E+15,100505
412-37-4620,Madge,"33 Beacher st,worcester, MA",F,847485224,1990-1-1,2.55294E+15,100067
860-32-4429,Laura,"20 Angelo st,worcester, MA",F,848368656,1990-1-1,2.51392E+15,100617
412-37-4443,Brooke,"45 Bowen st,worcester, MA",M,144370881,1990-1-1,5.77295E+15,100647
412-37-4632,Benton,"109 Kerr st,worcester, MA",M,144361410,1990-1-1,4.39859E+15,100434
412-37-4546,Bentley,"73 Fitch st,worcester, MA",M,144361333,1990-1-1,6.82612E+15,100116
551-32-4205,Constance,"20 Alston st,worcester, MA",F,425741169,1990-1-1,5.24845E+15,100692
551-32-4196,Phoebe,"144 Scott st,worcester, MA",F,422133381,1990-1-1,3.32036E+15,100595
420-43-3363,Bodor,"164 York st,worcester, MA",M,144364798,1990-1-1,5.80277E+15,100350
420-43-3317,Judith,"66 Dean st,worcester, MA",F,848930840,1990-1-1,4.75225E+15,100206
412-37-4454,Mavis,"44 Bernard st,worcester, MA",F,846882884,1990-1-1,7.62761E+15,100179
860-32-4421,Sterling,"92 Ivan st,worcester, MA",M,144351785,1990-1-1,1.12814E+15,100615
412-37-4614,Violet,"23 Baldwin st,worcester, MA",F,144345240,1990-1-1,4.98727E+15,100424
551-32-4217,Odelia,"28 Baldwin st,worcester, MA",F,422133199,1990-1-1,4.95722E+15,100157
450-12-3708,Storm,"154 Walker st,worcester, MA",M,144352401,1990-1-1,6.91575E+15,100674
551-32-4259,Soterios,"137 Raymond st,worcester, MA",M,144350168,1990-1-1,7.34714E+15,100265
412-37-4453,Thera,"66 Egbert st,worcester, MA",F,422134109,1990-1-1,2.35489E+15,100248
450-12-3699,Daphne,"77 Gene st,worcester, MA",F,378883776,1990-1-1,7.95586E+15,100463
551-32-4214,Kama,"100 Ivan st,worcester, MA",F,848689904,1990-1-1,2.34609E+15,100676
860-32-4324,Boris,"36 Benson st,worcester, MA",M,144365876,1990-1-1,1.8137E+15,100147
860-32-4417,Barbara,"39 Bill st,worcester, MA",F,372345233,1990-1-1,5.86106E+15,100512
860-32-4431,Setlla,"64 Darcy st,worcester, MA",F,422133966,1990-1-1,1.27836E+15,100552
412-37-4468,Bersh,"8 Adonis st,worcester, MA",M,144362257,1990-1-1,1.35132E+15,100245
412-37-4517,Jane,"44 Bill st,worcester, MA",F,849653648,1990-1-1,3.58249E+15,100532
420-43-3244,Tammy,"81 Gene st,worcester, MA",F,422134070,1990-1-1,7.58233E+15,100121
420-43-3285,Boden,"26 Angelo st,worcester, MA",M,144364721,1990-1-1,6.05303E+15,100242
860-32-4323,Coral,"115 Leo st,worcester, MA",F,415328415,1990-1-1,7.97964E+15,100207
551-32-4216,Ulani,"110 Leo st,worcester, MA",M,144355943,1990-1-1,7.22151E+15,100202
420-43-3367,Beriszl,"71 Frank st,worcester, MA",M,144361718,1990-1-1,4.45384E+15,100016
412-37-4477,Steven,"117, MArk st,worcester, MA",M,144352013,1990-1-1,6.47083E+15,100681
420-43-3309,Standish,"130 Nat st,worcester, MA",M,144350784,1990-1-1,2.48635E+15,100148
420-43-3248,Nicole,"144 Steven st,worcester, MA",F,422132835,1990-1-1,6.99428E+15,100702
412-37-4612,Bowman,"87 Herman st,worcester, MA",M,144366800,1990-1-1,8.76471E+15,100040
412-37-4528,Umit,"15 Alexander  st,worcester, MA",M,144356636,1990-1-1,3.94009E+15,100529
551-32-4179,Sukumar,"150 Tim st,worcester, MA",M,144353094,1990-1-1,3.04318E+15,100285
412-37-4644,Eunice,"9 Adonis st,worcester, MA",F,175835073,1990-1-1,6.0368E+15,100013
420-43-3286,Arland,"61 Colbert st,worcester, MA",M,422132523,1990-1-1,5.42024E+15,100416
860-32-4336,Bernice,"11 Alexander  st,worcester, MA",F,296313348,1990-1-1,7.70466E+15,100234
420-43-3311,Dora,"47 Bowen st,worcester, MA",F,311200875,1990-1-1,6.79894E+15,100721
420-43-3301,Bramwell,"127 Nick st,worcester, MA",M,144367647,1990-1-1,6.48869E+15,100471
551-32-4187,Arnon,"158 Wayne st,worcester, MA",M,422132666,1990-1-1,4.07002E+15,100060
412-37-4493,Bryn,"63 Dean st,worcester, MA",M,144371497,1990-1-1,8.23834E+15,100628
412-37-4436,Laurel,"38 Bernard st,worcester, MA",F,848328500,1990-1-1,5.91969E+15,100288
420-43-3351,Elizabeth,"158 York st,worcester, MA",F,253930728,1990-1-1,1.76657E+15,100100
412-37-4446,Bence,"32 Barret st,worcester, MA",M,144360794,1990-1-1,7.54727E+15,100012
412-37-4645,Ingrid,"85 Henry st,worcester, MA",F,849974896,1990-1-1,7.41477E+15,100408
860-32-4332,Sumner,"122 Michael st,worcester, MA",M,144353556,1990-1-1,6.49496E+15,100038
860-32-4342,Arlen,"38 Benson st,worcester, MA",M,422132536,1990-1-1,8.68426E+15,100621
860-32-4327,Simona,"73 Gary st,worcester, MA",F,422133914,1990-1-1,1.41729E+15,100141
551-32-4212,Silvester,"53 Charles st,worcester, MA",M,144349013,1990-1-1,2.20546E+15,100019
860-32-4346,Claire,"41 Bowen st,worcester, MA",F,436153923,1990-1-1,5.17114E+15,100092
860-32-4426,Burke,"142 Robert st,worcester, MA",M,422132380,1990-1-1,5.67465E+15,100153
412-37-4506,Kay,"131 Nat st,worcester, MA",F,848569436,1990-1-1,3.53323E+15,100103
412-37-4392,Ruth,"104 Kerr st,worcester, MA",F,422133680,1990-1-1,6.34424E+15,100500
412-37-4483,Maxine,"139 Sam st,worcester, MA",F,846842728,1990-1-1,4.62653E+15,100708
420-43-3330,Vadin,"143 Robert st,worcester, MA",M,144358638,1990-1-1,1.41132E+15,100332
412-37-4638,Jessie,"130 Paddy st,worcester, MA",F,849412712,1990-1-1,7.48165E+15,100385
412-37-4551,ValentineVal,"91 Hobart st,worcester, MA",M,144359254,1990-1-1,5.15169E+15,100503
551-32-4211,Spring,"43 Bill st,worcester, MA",F,422133940,1990-1-1,4.76768E+15,100127
412-37-4648,Donna,"96 James st,worcester, MA",F,316407252,1990-1-1,6.30419E+15,100011
551-32-4213,Letitia,"125 Nat st,worcester, MA",F,848047408,1990-1-1,7.74831E+15,100113
412-37-4508,Esther,"37 Ben st,worcester, MA",F,191454204,1990-1-1,2.7564E+15,100169
420-43-3307,Brant,"68 Eric st,worcester, MA",M,144368263,1990-1-1,2.98971E+15,100354
860-32-4357,Spalding,"11 Adam st,worcester, MA",M,144350245,1990-1-1,1.23181E+15,100150
412-37-4395,Xenia,"152 Wayne st,worcester, MA",F,144346087,1990-1-1,1.33102E+15,100441
420-43-3251,Liz,"50 Caesar st,worcester, MA",F,847806472,1990-1-1,3.12534E+15,100279
551-32-4153,Bonnie,"18 Alston st,worcester, MA",F,850978796,1990-1-1,7.57395E+15,100482
551-32-4195,Vail,"98 Jack st,worcester, MA",M,144358792,1990-1-1,1.7556E+15,100635
412-37-4641,Vairaja,"30 Beacher st,worcester, MA",M,144358869,1990-1-1,6.65197E+15,100664
412-37-4537,Zora,"50 Buck st,worcester, MA",F,144350014,1990-1-1,3.78107E+15,100324
450-12-3688,Beval,"26 Barret st,worcester, MA",M,144362796,1990-1-1,8.66032E+15,100136
860-32-4389,Brice,"31 Ben st,worcester, MA",M,144369495,1990-1-1,1.7435E+15,100097
860-32-4380,Socrates,"127 Michael st,worcester, MA",M,144347473,1990-1-1,2.09066E+15,100550
412-37-4535,Beauregard,"32 Barnett st,worcester, MA",M,144359870,1990-1-1,4.74245E+15,100447
412-37-4410,"Stewart,Stuart","63 Cyril st,worcester, MA",M,144352170,1990-1-1,6.6418E+15,100469
551-32-4183,Boyden,"7 Adonis st,worcester, MA",M,144367031,1990-1-1,7.66579E+15,100384
412-37-4382,Valter,"128 Omar st,worcester, MA",M,144359716,1990-1-1,1.52945E+15,100518
412-37-4643,Broderick,"61 Christopher st,worcester, MA",M,144370188,1990-1-1,6.53365E+15,100292
420-43-3288,Shirley,"75 Fitch st,worcester, MA",F,422133875,1990-1-1,4.25438E+15,100409
860-32-4356,"Stephen,Stefan","151 Tim st,worcester, MA",M,144351708,1990-1-1,2.11752E+15,100590
551-32-4219,Judy,"128 Nat st,worcester, MA",F,848890684,1990-1-1,7.83785E+15,100090
420-43-3243,Julia,"70 Eric st,worcester, MA",F,848850528,1990-1-1,1.52582E+15,100561
450-12-3711,Mary,"147 Steven st,worcester, MA",F,847003352,1990-1-1,1.03997E+15,100627
860-32-4400,Spiridion,"132 Nick st,worcester, MA",M,144350553,1990-1-1,3.89044E+15,100620
412-37-4472,Heloise,"95 James st,worcester, MA",F,422133069,1990-1-1,3.39422E+15,100562
860-32-4325,Ann,"62 Dave st,worcester, MA",F,524409003,1990-1-1,4.35574E+15,100142
551-32-4246,Rose,"28 Antony st,worcester, MA",F,422133628,1990-1-1,3.34528E+15,100272
412-37-4414,Xanthe,"96 Hyman st,worcester, MA",F,144345933,1990-1-1,3.58069E+15,100481
420-43-3284,Stoke,"106 Keith st,worcester, MA",M,144352247,1990-1-1,8.46878E+15,100047
551-32-4135,Bertha,"46 Buck st,worcester, MA",F,281106971,1990-1-1,7.02291E+15,100720
412-37-4481,Marian,"133 Philip st,worcester, MA",F,847204132,1990-1-1,7.19211E+15,100120
420-43-3312,Booth,"22 Baldwin st,worcester, MA",M,144365645,1990-1-1,8.97349E+15,100221
860-32-4343,Valentine,"138 Robert st,worcester, MA",M,144359177,1990-1-1,4.67693E+15,100491
412-37-4426,Uner,"23 Angelo st,worcester, MA",M,144356713,1990-1-1,4.05779E+15,100022
551-32-4240,Dale,"152 Walker st,worcester, MA",F,389296530,1990-1-1,2.76081E+15,100474
412-37-4444,Belen,"93 Ingemar st,worcester, MA",M,144360409,1990-1-1,8.44804E+15,100101
412-37-4601,Alberta,"6 Adam st,worcester, MA",F,691679150,1990-1-1,8.12943E+15,100616
551-32-4142,Phyllis,"150 Walker st,worcester, MA",F,422133407,1990-1-1,2.89013E+15,100146
450-12-3707,Eartha,"84 Harold st,worcester, MA",F,290375367,1990-1-1,1.12327E+15,100468
551-32-4155,Sutton,"99 James st,worcester, MA",M,144353864,1990-1-1,6.99558E+15,100445
551-32-4145,Muriel,"112 Lewis st,worcester, MA",F,422132939,1990-1-1,4.34748E+15,100006
450-12-3710,Spike,"163 York st,worcester, MA",M,144350476,1990-1-1,2.35231E+15,100693
420-43-3267,Deirdre,"52 Caesar st,worcester, MA",F,352851891,1990-1-1,1.14256E+15,100577
412-37-4437,Bray,"150 Tony st,worcester, MA",M,144368417,1990-1-1,5.16119E+15,100667
551-32-4247,Brigham,"56 Cedric st,worcester, MA",M,144369649,1990-1-1,2.89547E+15,100379
412-37-4610,Strom,"109 Larry st,worcester, MA",M,144352555,1990-1-1,2.52638E+15,100555
420-43-3347,Frances,"119, MArk st,worcester, MA",F,850657548,1990-1-1,5.41281E+15,100642
450-12-3702,Pearl,"143 Steven st,worcester, MA",F,422133342,1990-1-1,3.57596E+15,100513
412-37-4541,Alexia,"159 Winston st,worcester, MA",F,676472773,1990-1-1,4.7634E+15,100361
551-32-4253,Spencer,"89 Herman st,worcester, MA",M,144350399,1990-1-1,7.68523E+15,100487
860-32-4353,Ulf,"37 Benjamin st,worcester, MA",M,144356097,1990-1-1,6.50261E+15,100509
412-37-4596,Sloan,"81 Harold st,worcester, MA",M,144347935,1990-1-1,3.55007E+15,100521
412-37-4621,Freda,"83 Gordon st,worcester, MA",F,850617392,1990-1-1,8.05025E+15,100300
420-43-3350,Brian,"42 Bernard st,worcester, MA",M,144369341,1990-1-1,5.39694E+15,100003
412-37-4590,Swain,"160 York st,worcester, MA",M,144354095,1990-1-1,8.94289E+15,100124
420-43-3343,Jill,"95 Ingemar st,worcester, MA",F,849332400,1990-1-1,7.30972E+15,100118
412-37-4563,Suzanne,"154 Wayne st,worcester, MA",F,422134031,1990-1-1,5.44467E+15,100376
860-32-4335,Zona,"102 Keith st,worcester, MA",F,144346703,1990-1-1,1.91107E+15,100034
412-37-4374,Caroline,"38 Bill st,worcester, MA",F,488217693,1990-1-1,5.13843E+15,100547
450-12-3687,Hermosa,"134 Paddy st,worcester, MA",F,850255988,1990-1-1,1.74243E+15,100410
551-32-4256,Uriah,"12 Adam st,worcester, MA",M,144357252,1990-1-1,8.49474E+15,100493
450-12-3678,Burt,"161 Will st,worcester, MA",M,422132445,1990-1-1,7.69672E+15,100639
412-37-4394,Sobieslaw,"52 Clare st,worcester, MA",M,144347550,1990-1-1,4.50582E+15,100194
412-37-4637,Isabel,"126 Merle st,worcester, MA",F,849814272,1990-1-1,8.48535E+15,100706
412-37-4515,Alice,"17 Alexander  st,worcester, MA",F,661266396,1990-1-1,2.87327E+15,100122
412-37-4401,Dorothy,"60 Charles st,worcester, MA",F,295581744,1990-1-1,5.39321E+15,100133
412-37-4482,Vicky,"148 Tony st,worcester, MA",F,144345086,1990-1-1,3.00961E+15,100283
412-37-4639,Uzor,"30 Baldwin st,worcester, MA",M,144358330,1990-1-1,2.67774E+15,100042
420-43-3300,Olivia,"56 Charles st,worcester, MA",F,422133238,1990-1-1,5.14106E+15,100252
412-37-4442,Bolton,"61 Cyril st,worcester, MA",M,144365337,1990-1-1,4.91962E+15,100657
412-37-4630,Benjamin,"67 Egbert st,worcester, MA",M,144361025,1990-1-1,2.96897E+15,100139
551-32-4128,Patricia,"29 Barret st,worcester, MA",F,422133316,1990-1-1,8.59894E+15,100115
412-37-4438,Kitty,"157 Wayne st,worcester, MA",F,848448968,1990-1-1,3.91446E+15,100388
420-43-3279,Norma,"123, MAtt st,worcester, MA",F,422132796,1990-1-1,3.10911E+15,100372
412-37-4661,Urban,"79 Gordon st,worcester, MA",M,144357098,1990-1-1,2.88142E+15,100591
860-32-4424,Blair,"92 Ingemar st,worcester, MA",M,144364028,1990-1-1,6.90714E+15,100232
551-32-4191,Enid,"54 Charles st,worcester, MA",F,207073335,1990-1-1,2.17061E+15,100625
450-12-3692,Vaclav,"127 Nat st,worcester, MA",M,144358561,1990-1-1,6.69366E+15,100240
860-32-4373,Ultan,"83 Henry st,worcester, MA",M,144356328,1990-1-1,6.15987E+15,100307
551-32-4265,Buck,"89 Henry st,worcester, MA",M,144371574,1990-1-1,6.71583E+15,100414
420-43-3366,Astrid,"41 Bill st,worcester, MA",F,433170741,1990-1-1,3.31765E+15,100276
551-32-4124,Upton,"83 Harold st,worcester, MA",M,144357021,1990-1-1,1.61017E+15,100123
412-37-4393,Rosalind,"81 Hardy st,worcester, MA",F,422133615,1990-1-1,5.43396E+15,100610
551-32-4149,Pandora,"47 Buck st,worcester, MA",F,422133303,1990-1-1,1.5469E+15,100655
551-32-4140,Arkin,"55 Charles st,worcester, MA",M,422132510,1990-1-1,3.77675E+15,100492
412-37-4433,Simon,"10 Adonis st,worcester, MA",M,144348782,1990-1-1,2.4076E+15,100080
412-37-4415,Jamie,"138 Philip st,worcester, MA",F,849693804,1990-1-1,2.85167E+15,100450
412-37-4402,Evangeline,"139 Raymond st,worcester, MA",F,170628696,1990-1-1,6.22659E+15,100229
412-37-4428,Vivien,"70 Fitch st,worcester, MA",F,144345471,1990-1-1,1.59177E+15,100504
420-43-3365,Brinley,"33 Benjamin st,worcester, MA",M,144369803,1990-1-1,4.80257E+15,100478
450-12-3706,Sylvia,"79 Hardy st,worcester, MA",F,422134044,1990-1-1,2.53984E+15,100134
412-37-4652,Bram,"106 Kerr st,worcester, MA",M,144367570,1990-1-1,2.50999E+15,100496
551-32-4234,Valentin,"100 Jerry st,worcester, MA",M,144359100,1990-1-1,6.42674E+15,100687
860-32-4428,Darlene,"12 Adonis st,worcester, MA",F,373677399,1990-1-1,8.7162E+15,100589
450-12-3677,Aurora,"113 Larry st,worcester, MA",F,387551610,1990-1-1,3.3191E+15,100086
551-32-4136,Uros,"98 Ivan st,worcester, MA",M,144357637,1990-1-1,3.60539E+15,100223
412-37-4474,Victoria,"111 Larry st,worcester, MA",F,144345009,1990-1-1,4.31642E+15,100197
412-37-4613,Alan,"103 Jay st,worcester, MA",M,144354711,1990-1-1,4.22054E+15,100185
551-32-4151,Rachel,"108 King st,worcester, MA",F,422133498,1990-1-1,3.24365E+15,100335
420-43-3369,Yedda,"82 Gordon st,worcester, MA",F,144346164,1990-1-1,8.20748E+15,100214
412-37-4518,Venus,"94 Hyman st,worcester, MA",F,144344624,1990-1-1,6.959E+15,100320
412-37-4380,Borghild,"4 Abel st,worcester, MA",M,144365799,1990-1-1,7.34754E+15,100058
412-37-4387,Rebecca,"71 Fitch st,worcester, MA",F,422133524,1990-1-1,2.21747E+15,100284
412-37-4602,Myrna,"124 Michael st,worcester, MA",F,422132913,1990-1-1,2.26049E+15,100322
412-37-4591,Kimberley,"117 Leo st,worcester, MA",F,848489124,1990-1-1,1.84495E+15,100458
420-43-3344,Lisa,"84 Gordon st,worcester, MA",F,847846628,1990-1-1,2.22993E+15,100236
860-32-4351,Amelia,"85 Herman st,worcester, MA",F,600440888,1990-1-1,7.92653E+15,100691
551-32-4249,Bilal,"3 Abel st,worcester, MA",M,144363181,1990-1-1,4.70509E+15,100338
860-32-4405,Bergen,"123 Michael st,worcester, MA",M,144361564,1990-1-1,8.06822E+15,100712
420-43-3319,Bellamy,"21 Angelo st,worcester, MA",M,144360486,1990-1-1,5.63218E+15,100542
412-37-4510,Renata,"104 Jay st,worcester, MA",F,422133550,1990-1-1,6.1475E+15,100096
412-37-4523,Camille,"87 Hobart st,worcester, MA",F,850697704,1990-1-1,7.49898E+15,100326
420-43-3308,Miranda,"162 York st,worcester, MA",F,422133030,1990-1-1,3.10373E+15,100477
860-32-4393,Armon,"84 Henry st,worcester, MA",M,422132627,1990-1-1,3.09656E+15,100485
412-37-4526,Celeste,"123 Merle st,worcester, MA",F,467392185,1990-1-1,4.00094E+15,100375
860-32-4402,Stephan,"82 Henry st,worcester, MA",M,144351554,1990-1-1,1.82197E+15,100259
420-43-3265,Stephanie,"56 Clare st,worcester, MA",F,422133979,1990-1-1,8.66581E+15,100008
412-37-4554,Sly,"127, MAxwell st,worcester, MA",M,144347781,1990-1-1,7.37198E+15,100684
551-32-4257,Szczepan,"131 Nick st,worcester, MA",M,144354326,1990-1-1,4.69581E+15,100516
551-32-4157,Tiffany,"89 Hobart st,worcester, MA",F,422134135,1990-1-1,6.50942E+15,100565
412-37-4473,Uba,"56 Colbert st,worcester, MA",M,144354788,1990-1-1,7.19691E+15,100131
420-43-3341,Uttam,"10 Alexander  st,worcester, MA",M,144357945,1990-1-1,7.55968E+15,100317
420-43-3361,Sutherland,"36 Bernard st,worcester, MA",M,144353787,1990-1-1,7.1817E+15,100581
860-32-4404,Ida,"97 James st,worcester, MA",F,850055208,1990-1-1,1.77086E+15,100569
412-37-4606,Joyce,"70 Egbert st,worcester, MA",F,848970996,1990-1-1,6.09532E+15,100403
450-12-3694,Steffen,"95 Ivan st,worcester, MA",M,144351400,1990-1-1,3.53283E+15,100308
860-32-4333,Jocelyn,"140 Robert st,worcester, MA",F,849131620,1990-1-1,4.04765E+15,100210
860-32-4337,Sinjon,"99 Jerry st,worcester, MA",M,144348551,1990-1-1,6.09842E+15,100645
412-37-4419,Valfrid,"66 Darcy st,worcester, MA",M,144359485,1990-1-1,3.07538E+15,100064
412-37-4611,Silas,"74 Frank st,worcester, MA",M,144349244,1990-1-1,2.00647E+15,100422
412-37-4386,Beryl,"50 Cedric st,worcester, MA",M,144362719,1990-1-1,6.23718E+15,100073
551-32-4255,Penny,"109 King st,worcester, MA",F,422133368,1990-1-1,4.94719E+15,100398
860-32-4352,Bess,"138 Raymond st,worcester, MA",F,250694217,1990-1-1,1.36996E+15,100024
860-32-4370,Brodny,"116, MArk st,worcester, MA",M,144370265,1990-1-1,1.78703E+15,100430
412-37-4497,Agatha,"38 Benjamin st,worcester, MA",F,722091904,1990-1-1,1.74614E+15,100200
412-37-4501,Ulbrecht,"8 Abel st,worcester, MA",M,144356020,1990-1-1,2.7275E+15,100583
860-32-4378,Brandt,"124, MAxwell st,worcester, MA",M,144368032,1990-1-1,4.36199E+15,100187
860-32-4350,Poppy,"104 Jerry st,worcester, MA",F,422133433,1990-1-1,5.73716E+15,100557
412-37-4476,Samantha,"120, MAgee st,worcester, MA",F,422133745,1990-1-1,4.30398E+15,100685
551-32-4264,Charlotte,"40 Bill st,worcester, MA",F,462185808,1990-1-1,7.05419E+15,100466
412-37-4579,Lesley,"50 Carter st,worcester, MA",F,848087564,1990-1-1,7.62329E+15,100041
412-37-4558,Doris,"43 Buck st,worcester, MA",F,300788121,1990-1-1,8.20584E+15,100029
551-32-4226,Flora,"104 Keith st,worcester, MA",F,850778016,1990-1-1,2.56636E+15,100357
860-32-4408,Joan,"105 Kerr st,worcester, MA",F,849252088,1990-1-1,3.81075E+15,100618
551-32-4132,Brandeis,"140 Scott st,worcester, MA",M,144367878,1990-1-1,6.86458E+15,100117
551-32-4208,Bryce,"141 Robert st,worcester, MA",M,144371420,1990-1-1,7.73269E+15,100457
860-32-4425,Bill,"13 Alexander  st,worcester, MA",M,144363258,1990-1-1,2.89072E+15,100718
551-32-4258,Boyce,"11 Adonis st,worcester, MA",M,144366877,1990-1-1,7.94084E+15,100531
412-37-4484,Annabelle,"45 Buck st,worcester, MA",F,493996249,1990-1-1,3.85437E+15,100170
412-37-4416,Jacqueline,"122 Merle st,worcester, MA",F,849733960,1990-1-1,5.22703E+15,100274
420-43-3348,Sieghard,"126 Nick st,worcester, MA",M,144349706,1990-1-1,3.01635E+15,100701
412-37-4561,Burhan,"155 Winston st,worcester, MA",M,422132354,1990-1-1,3.83949E+15,100636
860-32-4363,Stuart,"18 Alfred st,worcester, MA",M,144352709,1990-1-1,2.36457E+15,100108
412-37-4557,Phoenix,"121 Merle st,worcester, MA",F,422133394,1990-1-1,6.77344E+15,100420
412-37-4653,Benson,"137 Philip st,worcester, MA",M,144361256,1990-1-1,6.43444E+15,100319
860-32-4422,Queena,"134 Omar st,worcester, MA",F,422133472,1990-1-1,3.27345E+15,100382
551-32-4189,Tina,"54 Colbert st,worcester, MA",F,422134148,1990-1-1,6.52024E+15,100611
450-12-3676,Sally,"88 Harold st,worcester, MA",F,422133706,1990-1-1,7.42941E+15,100723
860-32-4427,Jodie,"71 Edgar st,worcester, MA",F,849091464,1990-1-1,5.46603E+15,100002
420-43-3298,Umberto,"131 Paddy st,worcester, MA",M,144356559,1990-1-1,3.14944E+15,100059
412-37-4553,SvatyVavrinec,"33 Barret st,worcester, MA",M,144353941,1990-1-1,1.60036E+15,100554
412-37-4592,Sukarman,"15 Alfred st,worcester, MA",M,144353017,1990-1-1,7.80955E+15,100154
551-32-4177,Sudesha,"51 Carter st,worcester, MA",M,144352863,1990-1-1,2.11631E+15,100651
551-32-4139,Hannah,"67 Dave st,worcester, MA",F,422133147,1990-1-1,2.23722E+15,100574
420-43-3326,Wendy,"115 Lewis st,worcester, MA",F,144345702,1990-1-1,3.83672E+15,100347
551-32-4242,Sosimo,"29 Barnett st,worcester, MA",M,144346780,1990-1-1,6.86982E+15,100568
860-32-4368,Sophia,"59 Colbert st,worcester, MA",F,422133927,1990-1-1,5.27615E+15,100700
420-43-3305,Sandra,"97 Jack st,worcester, MA",F,422133758,1990-1-1,7.04675E+15,100523
450-12-3680,Verna,"71 Eric st,worcester, MA",F,144344778,1990-1-1,8.50735E+15,100626
420-43-3349,Uland,"114 Leo st,worcester, MA",M,144355789,1990-1-1,6.79978E+15,100226
412-37-4624,Molly,"97 Ingemar st,worcester, MA",F,422132978,1990-1-1,3.45372E+15,100184
551-32-4239,Uwe,"55 Carter st,worcester, MA",M,144358099,1990-1-1,1.56867E+15,100007
412-37-4505,Winni,"87 Harold st,worcester, MA",F,144345856,1990-1-1,7.68245E+15,100009
412-37-4420,Brutus,"152 Tony st,worcester, MA",M,144371189,1990-1-1,4.90651E+15,100323
420-43-3297,Benedict,"93 Ivan st,worcester, MA",M,144360871,1990-1-1,1.40989E+15,100237
860-32-4375,Dinah,"121, MAtt st,worcester, MA",F,332026383,1990-1-1,7.36917E+15,100349
420-43-3263,Marguerite,"148 Steven st,worcester, MA",F,847284444,1990-1-1,6.78307E+15,100598
860-32-4355,Branch,"78 Gene st,worcester, MA",M,144367724,1990-1-1,2.36829E+15,100644
412-37-4562,Elvira,"153 Vincent st,worcester, MA",F,222692466,1990-1-1,4.55471E+15,100155
412-37-4381,Alva,"74 Gary st,worcester, MA",F,630853642,1990-1-1,6.52833E+15,100037
450-12-3705,Riva,"129 Omar st,worcester, MA",F,422133589,1990-1-1,4.17209E+15,100066
412-37-4529,Stephen,"43 Bernard st,worcester, MA",M,144351631,1990-1-1,3.79426E+15,100258
860-32-4430,Novia,"68 Egbert st,worcester, MA",F,422132783,1990-1-1,7.67587E+15,100346
412-37-4527,Slawomir,"53 Carter st,worcester, MA",M,144348089,1990-1-1,7.33867E+15,100649
412-37-4514,Ruby,"63 Dave st,worcester, MA",F,422133667,1990-1-1,7.74863E+15,100062
420-43-3289,Lilith,"55 Colbert st,worcester, MA",F,848007252,1990-1-1,5.25809E+15,100203
450-12-3672,Ubaid,"60 Christopher st,worcester, MA",M,144354942,1990-1-1,1.14186E+15,100613
420-43-3260,Uriel,"85 Harold st,worcester, MA",M,144357406,1990-1-1,1.94553E+15,100014
412-37-4490,Martha,"135 Paddy st,worcester, MA",F,847083664,1990-1-1,8.05228E+15,100032
412-37-4461,Uthman,"10 Abel st,worcester, MA",M,144357791,1990-1-1,1.31609E+15,100678
420-43-3254,Leila,"145 Tim st,worcester, MA",F,848208032,1990-1-1,7.30279E+15,100406
412-37-4583,Winifred,"139 Philip st,worcester, MA",F,144345779,1990-1-1,3.46704E+15,100091
551-32-4160,Bradford,"127 Merle st,worcester, MA",M,144367339,1990-1-1,6.76912E+15,100698
551-32-4230,Benoit,"119, MAtt st,worcester, MA",M,144361179,1990-1-1,6.89817E+15,100162
412-37-4378,Sigurd,"75 Gene st,worcester, MA",M,144349321,1990-1-1,7.08543E+15,100515
860-32-4328,Michelle,"58 Charles st,worcester, MA",F,846561636,1990-1-1,7.43834E+15,100199
420-43-3295,Bogumil,"73 Frank st,worcester, MA",M,144365029,1990-1-1,6.02263E+15,100085
412-37-4458,Unwin,"98 Jay st,worcester, MA",M,144356790,1990-1-1,2.5759E+15,100619
420-43-3272,Bingham,"101 Jerry st,worcester, MA",M,144363335,1990-1-1,3.44013E+15,100088
551-32-4169,Xaviera,"91 Hyman st,worcester, MA",F,144346010,1990-1-1,6.33386E+15,100599
420-43-3266,Fanny,"51 Cedric st,worcester, MA",F,850898484,1990-1-1,1.9655E+15,100215
551-32-4143,Sudeva,"54 Christopher st,worcester, MA",M,144352940,1990-1-1,5.1437E+15,100105
412-37-4560,Behram,"75 Frank st,worcester, MA",M,144360178,1990-1-1,6.19558E+15,100364
412-37-4379,Burian,"107 Kerr st,worcester, MA",M,422132367,1990-1-1,8.02844E+15,100467
420-43-3250,Bronte,"59 Cyril st,worcester, MA",M,144370727,1990-1-1,5.28043E+15,100571
412-37-4465,Belinda,"132 Omar st,worcester, MA",F,341932479,1990-1-1,1.33199E+15,100413
412-37-4566,Lynn,"108 Kerr st,worcester, MA",F,847605692,1990-1-1,5.51933E+15,100570
450-12-3689,Silvanus,"99 Jack st,worcester, MA",M,144349090,1990-1-1,3.58576E+15,100315
420-43-3291,Debby,"92 Hyman st,worcester, MA",F,363264645,1990-1-1,1.09924E+15,100343
412-37-4407,Brad,"88 Henry st,worcester, MA",M,144367185,1990-1-1,4.0093E+15,100233
412-37-4447,Mignon,"122, MArk st,worcester, MA",F,846481324,1990-1-1,1.5282E+15,100261
551-32-4224,Bud,"39 Benson st,worcester, MA",M,144371728,1990-1-1,7.20083E+15,100063
551-32-4192,Salome,"11 Alfred st,worcester, MA",F,422133732,1990-1-1,4.00293E+15,100109
551-32-4146,Udo,"32 Beacher st,worcester, MA",M,144355173,1990-1-1,4.2814E+15,100114
412-37-4665,Belden,"102 Jay st,worcester, MA",M,144360255,1990-1-1,5.56775E+15,100278
412-37-4450,Bowen,"156 Will st,worcester, MA",M,144366646,1990-1-1,6.68072E+15,100533
450-12-3686,Smith,"145 Scott st,worcester, MA",M,144347704,1990-1-1,5.35587E+15,100351
551-32-4167,Lucy,"34 Barret st,worcester, MA",F,847686004,1990-1-1,2.5919E+15,100442
551-32-4243,Bozydar,"154 Will st,worcester, MA",M,144367108,1990-1-1,3.48275E+15,100456
860-32-4397,Gemma,"90 Henry st,worcester, MA",F,850416612,1990-1-1,8.70411E+15,100412
551-32-4125,Belle,"161 Winston st,worcester, MA",F,311519725,1990-1-1,3.85697E+15,100104
551-32-4232,Nora,"5 Adam st,worcester, MA",F,422132809,1990-1-1,1.02775E+15,100273
412-37-4452,Nelly,"48 Bowen st,worcester, MA",F,422132861,1990-1-1,5.5718E+15,100046
551-32-4163,Urian,"51 Clare st,worcester, MA",M,144357329,1990-1-1,5.17821E+15,100144
412-37-4432,Blanche,"51 Caesar st,worcester, MA",F,189868709,1990-1-1,7.70529E+15,100715
450-12-3673,Blandon,"80 Gene st,worcester, MA",M,144364259,1990-1-1,8.35187E+15,100451
420-43-3273,Maureen,"138 Sam st,worcester, MA",F,846923040,1990-1-1,8.05942E+15,100018
551-32-4129,Beldon,"83 Hardy st,worcester, MA",M,144360332,1990-1-1,5.45929E+15,100631
412-37-4649,Florence,"156 Walker st,worcester, MA",F,850737860,1990-1-1,2.93357E+15,100443
412-37-4466,Arlo,"86 Hardy st,worcester, MA",M,422132562,1990-1-1,7.91539E+15,100098
412-37-4397,Honey,"130 Omar st,worcester, MA",F,850135520,1990-1-1,4.30937E+15,100597
412-37-4625,Sabrina,"157 York st,worcester, MA",F,422133719,1990-1-1,5.94759E+15,100371
860-32-4358,Audrey,"95 Jack st,worcester, MA",F,402757987,1990-1-1,4.16416E+15,100535
450-12-3684,Sully,"112 Leo st,worcester, MA",M,144353325,1990-1-1,2.70375E+15,100448
420-43-3352,Bemus,"76 Frank st,worcester, MA",M,144360640,1990-1-1,5.46734E+15,100015
412-37-4544,Roberta,"42 Benson st,worcester, MA",F,422133602,1990-1-1,3.26548E+15,100666
412-37-4513,Bret,"81 Gary st,worcester, MA",M,144369033,1990-1-1,3.87528E+15,100363
551-32-4127,Blake,"146 Tony st,worcester, MA",M,144364182,1990-1-1,3.29274E+15,100411
860-32-4329,Athena,"146 Steven st,worcester, MA",F,417964364,1990-1-1,6.93614E+15,100033
412-37-4399,Brighton,"60 Dave st,worcester, MA",M,144369726,1990-1-1,4.86126E+15,100528
412-37-4662,Solan,"67 Edgar st,worcester, MA",M,144347242,1990-1-1,2.95389E+15,100648
551-32-4172,Elva,"34 Benson st,worcester, MA",F,227898843,1990-1-1,2.45956E+15,100119
412-37-4552,Silvio,"53 Caesar st,worcester, MA",M,144348936,1990-1-1,4.74069E+15,100695
412-37-4650,Melissa,"74 Eric st,worcester, MA",F,846682104,1990-1-1,7.27089E+15,100005
412-37-4524,Paula,"95 Hyman st,worcester, MA",F,422133329,1990-1-1,3.88011E+15,100511
420-43-3325,Una,"155 Wayne st,worcester, MA",F,422134226,1990-1-1,4.01108E+15,100291
412-37-4441,Sivan,"48 Caesar st,worcester, MA",M,144348474,1990-1-1,7.08025E+15,100714
551-32-4168,Mirabelle,"7 Abel st,worcester, MA",F,422133043,1990-1-1,3.04696E+15,100290
860-32-4383,May,"73 Egbert st,worcester, MA",F,846762416,1990-1-1,8.08253E+15,100707
450-12-3697,Iris,"36 Beacher st,worcester, MA",F,849894584,1990-1-1,8.89875E+15,100277
412-37-4391,Katherine,"136 Regan st,worcester, MA",F,848609592,1990-1-1,2.18743E+15,100393
420-43-3310,Gladys,"77 Gordon st,worcester, MA",F,144366261,1990-1-1,7.97465E+15,100612
420-43-3313,Solon,"54 Carter st,worcester, MA",M,144347088,1990-1-1,7.75596E+15,100083
412-37-4559,Denise,"90 Hyman st,worcester, MA",F,342439137,1990-1-1,5.45844E+15,100010
860-32-4401,Ada,"140 Sam st,worcester, MA",F,782917412,1990-1-1,4.00253E+15,100682
860-32-4348,Bradley,"90 Herman st,worcester, MA",M,144367416,1990-1-1,7.69264E+15,100389
420-43-3255,Antonia,"14 Alston st,worcester, MA",F,478789872,1990-1-1,4.19204E+15,100527
412-37-4629,Veronica,"23 Antony st,worcester, MA",F,144344932,1990-1-1,8.55068E+15,100330
412-37-4642,Roxanne,"37 Bernard st,worcester, MA",F,422133654,1990-1-1,6.29144E+15,100211
412-37-4597,Gwendolyn,"124 Nat st,worcester, MA",F,422133160,1990-1-1,7.93399E+15,100362
450-12-3690,Siegmund,"8 Adam st,worcester, MA",M,144349552,1990-1-1,6.65574E+15,100099
412-37-4574,Soma,"55 Christopher st,worcester, MA",M,144347011,1990-1-1,2.85236E+15,100160
412-37-4398,Faithe,"64 Cyril st,worcester, MA",F,850938640,1990-1-1,6.10804E+15,100476
860-32-4339,Solomon,"34 Ben st,worcester, MA",M,144347165,1990-1-1,8.74158E+15,100544
551-32-4228,Veromca,"53 Clare st,worcester, MA",F,144344855,1990-1-1,2.39915E+15,100298
412-37-4608,Marjorie,"12 Alfred st,worcester, MA",F,847123820,1990-1-1,4.54283E+15,100178
551-32-4150,Cherry,"147 Tony st,worcester, MA",F,456979431,1990-1-1,3.51072E+15,100507
551-32-4207,Blaine,"56 Christopher st,worcester, MA",M,144363951,1990-1-1,6.28786E+15,100164
860-32-4410,Edwina,"52 Carter st,worcester, MA",F,274756236,1990-1-1,5.97852E+15,100490
450-12-3691,Brent,"1 Aaron st,worcester, MA",M,144368956,1990-1-1,4.8496E+15,100077
860-32-4362,Bialy,"38 Ben st,worcester, MA",M,144363104,1990-1-1,7.53207E+15,100429
412-37-4587,Sigrid,"142 Sam st,worcester, MA",F,422133901,1990-1-1,3.45776E+15,100537
412-37-4409,Mag,"101 Jack st,worcester, MA",F,846802572,1990-1-1,6.92213E+15,100540
412-37-4577,Arsenio,"160 Winston st,worcester, MA",M,422132731,1990-1-1,8.14777E+15,100549
551-32-4180,Edith,"71 Egbert st,worcester, MA",F,279962613,1990-1-1,3.83141E+15,100126
412-37-4377,Bede,"106 Ken st,worcester, MA",M,144360101,1990-1-1,2.7423E+15,100295
412-37-4628,Tobey,"162 Winston st,worcester, MA",F,422134161,1990-1-1,4.81401E+15,100641
860-32-4390,Arpad,"138 Regan st,worcester, MA",M,422132692,1990-1-1,8.82491E+15,100020
551-32-4152,Mandy,"24 Angelo st,worcester, MA",F,847364756,1990-1-1,1.7438E+15,100473
420-43-3261,Stanford,"93 Hobart st,worcester, MA",M,144350861,1990-1-1,4.59005E+15,100439
412-37-4617,Sofronio,"87 Henry st,worcester, MA",M,144347396,1990-1-1,5.21052E+15,100541
420-43-3333,Bhudev,"86 Harold st,worcester, MA",M,144363027,1990-1-1,7.00404E+15,100495
860-32-4340,Sabina,"66 Dave st,worcester, MA",F,422133693,1990-1-1,8.09336E+15,100158
860-32-4395,Bohdan,"9 Abel st,worcester, MA",M,144365183,1990-1-1,8.7284E+15,100622
412-37-4418,Jean,"55 Clare st,worcester, MA",F,849533180,1990-1-1,3.71906E+15,100724
412-37-4656,Cecilia,"24 Antony st,worcester, MA",F,472598562,1990-1-1,1.46477E+15,100239
450-12-3709,Regina,"159 Wayne st,worcester, MA",F,422133537,1990-1-1,6.69013E+15,100660
450-12-3674,Ina,"99 Jay st,worcester, MA",F,850015052,1990-1-1,6.17375E+15,100106
412-37-4539,Lydia,"37 Benson st,worcester, MA",F,847645848,1990-1-1,2.44384E+15,100650
420-43-3282,Bridget,"61 Dave st,worcester, MA",F,850818172,1990-1-1,4.55645E+15,100138
412-37-4488,Britton,"159 York st,worcester, MA",M,144370034,1990-1-1,3.33234E+15,100602
412-37-4572,Evelyn,"58 Colbert st,worcester, MA",F,851018952,1990-1-1,7.02366E+15,100156
420-43-3362,Adelaide,"103 Ken st,worcester, MA",F,752504658,1990-1-1,6.41625E+15,100198
420-43-3320,Janice,"74 Fitch st,worcester, MA",F,849573336,1990-1-1,7.00944E+15,100231
551-32-4266,Sara,"129 Nick st,worcester, MA",F,422133784,1990-1-1,8.29979E+15,100230
860-32-4414,Bruno,"76 Gary st,worcester, MA",M,144371112,1990-1-1,2.02516E+15,100711
412-37-4573,Ursula,"147 Tim st,worcester, MA",F,422134239,1990-1-1,5.9556E+15,100593
551-32-4254,Bod,"52 Cedric st,worcester, MA",M,144364644,1990-1-1,6.4495E+15,100524
412-37-4581,Ulric,"42 Bill st,worcester, MA",M,144356174,1990-1-1,7.78024E+15,100601
412-37-4491,Valin,"103 Jerry st,worcester, MA",M,144359562,1990-1-1,7.35647E+15,100722
412-37-4658,Crystal,"100 James st,worcester, MA",F,404915661,1990-1-1,7.94019E+15,100102
412-37-4425,Miriam,"119 Lewis st,worcester, MA",F,422133017,1990-1-1,5.34224E+15,100287
420-43-3287,Burkhard,"120, MAxwell st,worcester, MA",M,422132393,1990-1-1,8.08664E+15,100137
412-37-4593,Elaine,"65 Darcy st,worcester, MA",F,264343482,1990-1-1,7.18843E+15,100186
412-37-4423,Cara,"130 Nick st,worcester, MA",F,498630447,1990-1-1,8.33978E+15,100525
450-12-3696,Brishen,"76 Gene st,worcester, MA",M,144369880,1990-1-1,8.91984E+15,100606
412-37-4445,Sloane,"65 Dave st,worcester, MA",M,144347858,1990-1-1,7.46248E+15,100592
420-43-3293,Boone,"128 Merle st,worcester, MA",M,144365568,1990-1-1,3.24998E+15,100151
551-32-4193,Valdemar,"128 Nick st,worcester, MA",M,144358946,1990-1-1,7.07217E+15,100444
551-32-4156,Maria,"17 Alfred st,worcester, MA",F,847244288,1990-1-1,1.85198E+15,100246
860-32-4415,Sulaiman,"154 Vincent st,worcester, MA",M,144353171,1990-1-1,8.66595E+15,100294
551-32-4206,Amy,"80 Harold st,worcester, MA",F,585234511,1990-1-1,1.42505E+15,100257
551-32-4248,Cathy,"29 Beacher st,worcester, MA",F,477804939,1990-1-1,6.41459E+15,100369
412-37-4651,Jo,"97 Ivan st,worcester, MA",F,849292244,1990-1-1,2.53789E+15,100401
551-32-4159,Bobby,"158 Winston st,worcester, MA",M,144364567,1990-1-1,1.11727E+15,100679
551-32-4178,Valerie,"136 Philip st,worcester, MA",F,422134265,1990-1-1,5.15078E+15,100301
860-32-4388,Bella,"156 Winston st,worcester, MA",F,326726102,1990-1-1,8.63039E+15,100368
551-32-4215,Gail,"63 Darcy st,worcester, MA",F,850456768,1990-1-1,8.8916E+15,100132
412-37-4372,Blade,"152 Vincent st,worcester, MA",M,144363874,1990-1-1,2.62872E+15,100313
860-32-4406,Andrea,"15 Alvin st,worcester, MA",F,554821757,1990-1-1,2.27702E+15,100081
551-32-4222,Sunny,"32 Benjamin st,worcester, MA",M,144353633,1990-1-1,4.05386E+15,100050
551-32-4201,Sharon,"118 Lewis st,worcester, MA",F,422133836,1990-1-1,2.94846E+15,100267
551-32-4203,Joanne,"54 Clare st,worcester, MA",F,849171776,1990-1-1,3.79973E+15,100637
412-37-4536,Arpiar,"28 Beacher st,worcester, MA",M,422132705,1990-1-1,5.54157E+15,100421
420-43-3306,Page,"94 Ivan st,worcester, MA",F,422133277,1990-1-1,4.86435E+15,100299
551-32-4174,Meroy,"102 James st,worcester, MA",F,846641948,1990-1-1,3.79101E+15,100520
551-32-4238,Burle,"107 King st,worcester, MA",M,422132406,1990-1-1,8.87413E+15,100366
551-32-4181,Cheryl,"100 Jay st,worcester, MA",F,451773054,1990-1-1,4.66191E+15,100608
412-37-4623,Polly,"28 Barret st,worcester, MA",F,422133420,1990-1-1,1.35775E+15,100021
412-37-4522,Susanna,"88 Herman st,worcester, MA",F,422134005,1990-1-1,1.45242E+15,100336
412-37-4408,Upendra,"94 Hobart st,worcester, MA",M,144356867,1990-1-1,1.36988E+15,100125
412-37-4480,Georgia,"69 Fitch st,worcester, MA",F,850336300,1990-1-1,1.59267E+15,100161
420-43-3257,Stanislaw,"57 Cyril st,worcester, MA",M,144350938,1990-1-1,1.46031E+15,100076
412-37-4619,Brennan,"104 Ken st,worcester, MA",M,144368879,1990-1-1,2.96894E+15,100275
412-37-4599,Eileen,"7 Aaron st,worcester, MA",F,269549859,1990-1-1,3.9132E+15,100305
412-37-4439,Deborah,"148 Vincent st,worcester, MA",F,358058268,1990-1-1,3.93473E+15,100051
450-12-3685,Beryl,"15 Adonis st,worcester, MA",F,265900594,1990-1-1,4.89406E+15,100195
551-32-4198,Braz,"19 Angelo st,worcester, MA",M,144368571,1990-1-1,1.5269E+15,100145
551-32-4138,Louise,"8 Aaron st,worcester, MA",F,847726160,1990-1-1,3.21276E+15,100387
860-32-4381,Bogdan,"36 Benjamin st,worcester, MA",M,144364952,1990-1-1,4.33614E+15,100580
420-43-3332,Natividad,"60 Colbert st,worcester, MA",F,422132874,1990-1-1,7.62479E+15,100135
412-37-4568,Sweeny,"62 Colbert st,worcester, MA",M,144354172,1990-1-1,4.47341E+15,100061
420-43-3336,Eleanore,"134 Regan st,worcester, MA",F,259137105,1990-1-1,6.64992E+15,100638
412-37-4634,Armando,"49 Carter st,worcester, MA",M,422132588,1990-1-1,5.78558E+15,100464
551-32-4209,Stroud,"126 Nat st,worcester, MA",M,144352632,1990-1-1,1.09223E+15,100661
450-12-3703,Berk,"67 Dean st,worcester, MA",M,144361795,1990-1-1,4.54452E+15,100646
551-32-4144,Moira,"9 Aaron st,worcester, MA",F,422132991,1990-1-1,7.22693E+15,100383
420-43-3368,Linda,"68 Dean st,worcester, MA",F,847926940,1990-1-1,6.24508E+15,100251
