record,staffNo,roomNo,linens,lQty,lType,reusable,cost,date
1,102,11,comforter,1,good,1,0,2001-1-14
2,104,12,comforter,1,good,0,4.9,2001-1-14
3,106,13,comforter,1,good,1,0,2001-1-14
4,108,14,comforter,1,good,1,0,2001-1-14
5,109,15,comforter,1,good,1,0.4,2001-1-14
6,112,16,comforter,1,good,0,4.5,2001-1-14
7,113,17,comforter,1,good,0,4.6,2001-1-14
8,117,18,comforter,1,good,1,0.3,2001-1-14
9,118,19,comforter,1,good,1,0.2,2001-1-14
10,119,20,comforter,1,good,1,0,2001-1-14
11,102,21,comforter,1,good,1,0.2,2001-1-14
12,104,22,comforter,1,good,0,4.9,2001-1-14
13,106,23,comforter,1,good,1,0,2001-1-14
14,108,24,comforter,1,good,0,4.5,2001-1-14
15,109,25,comforter,1,good,1,0.2,2001-1-14
16,112,26,comforter,1,good,0,4.9,2001-1-14
17,113,27,comforter,1,good,1,0.3,2001-1-14
18,117,28,comforter,1,good,1,0.1,2001-1-14
19,118,29,comforter,1,good,0,4.7,2001-1-14
20,119,30,comforter,1,good,1,0.1,2001-1-14
21,102,31,comforter,1,good,1,0.4,2001-1-14
22,104,32,comforter,1,good,1,0.4,2001-1-14
23,106,33,comforter,1,good,1,0.1,2001-1-14
24,108,34,comforter,1,good,0,4.6,2001-1-14
25,109,35,comforter,1,good,1,0.3,2001-1-14
26,112,36,comforter,1,good,0,4.7,2001-1-14
27,113,37,comforter,1,good,1,0.4,2001-1-14
28,117,38,comforter,1,good,0,4.9,2001-1-14
29,118,39,comforter,1,good,1,0.3,2001-1-14
30,119,40,comforter,1,good,1,0,2001-1-14
31,102,41,comforter,1,good,0,4.8,2001-1-14
32,104,42,comforter,1,good,1,0.4,2001-1-14
33,106,43,comforter,1,good,1,0.1,2001-1-14
34,108,44,comforter,1,good,1,0.3,2001-1-14
35,109,45,comforter,1,good,1,0.2,2001-1-14
36,112,46,comforter,1,good,0,4.6,2001-1-14
37,113,47,comforter,1,good,1,0.1,2001-1-14
38,117,48,comforter,1,good,1,0,2001-1-14
39,118,49,comforter,1,good,1,0.3,2001-1-14
40,119,50,comforter,1,good,0,4.6,2001-1-14
41,102,51,comforter,1,good,1,0.3,2001-1-14
42,104,52,comforter,1,good,0,4.7,2001-1-14
43,106,53,comforter,1,good,1,0.2,2001-1-14
44,108,54,comforter,1,good,0,4.6,2001-1-14
45,109,55,comforter,1,good,1,0,2001-1-14
46,112,56,comforter,1,good,1,0.4,2001-1-14
47,113,57,comforter,1,good,1,0.2,2001-1-14
48,117,58,comforter,1,good,1,0.2,2001-1-14
49,118,59,comforter,1,good,1,0.2,2001-1-14
50,119,60,comforter,1,good,1,0.1,2001-1-14
51,102,61,comforter,1,good,1,0,2001-1-14
52,104,11,comforter,1,good,0,4.6,2001-1-14
53,106,12,comforter,1,good,1,0.2,2001-1-14
54,108,13,comforter,1,good,0,4.6,2001-1-14
55,109,14,comforter,1,good,1,0,2001-1-14
56,112,15,comforter,1,good,1,0.4,2001-1-14
57,113,16,comforter,1,good,0,4.5,2001-1-14
58,117,17,comforter,1,good,1,0.2,2001-1-14
59,118,18,comforter,1,good,1,0.2,2001-1-14
60,119,19,comforter,1,good,0,4.9,2001-1-14
61,102,20,comforter,1,good,1,0,2001-1-14
62,104,21,comforter,1,good,1,0.3,2001-1-14
63,106,22,comforter,1,good,1,0.3,2001-1-14
64,108,23,comforter,1,good,1,0,2001-1-14
65,109,24,comforter,1,good,1,0.2,2001-1-14
66,112,25,comforter,1,good,0,4.5,2001-1-14
67,113,26,comforter,1,good,1,0.2,2001-1-14
68,117,27,comforter,1,good,0,4.7,2001-1-14
69,118,28,comforter,1,good,1,0.4,2001-1-14
70,119,29,comforter,1,good,0,4.5,2001-1-14
71,102,30,comforter,1,good,1,0.3,2001-1-14
72,104,31,comforter,1,good,0,4.9,2001-1-14
73,106,32,comforter,1,good,1,0.4,2001-1-14
74,108,33,comforter,1,good,0,4.5,2001-1-14
75,109,34,comforter,1,good,1,0.3,2001-1-14
76,112,35,comforter,1,good,0,4.5,2001-1-14
77,113,36,comforter,1,good,1,0,2001-1-14
78,117,37,comforter,1,good,0,4.9,2001-1-14
79,118,38,comforter,1,good,1,0.3,2001-1-14
80,119,39,comforter,1,good,0,4.7,2001-1-14
81,102,40,comforter,1,good,1,0.4,2001-1-14
82,104,41,comforter,1,good,0,4.7,2001-1-14
83,106,42,comforter,1,good,0,4.9,2001-1-14
84,108,43,comforter,1,good,0,4.6,2001-1-14
85,109,44,comforter,1,good,1,0.1,2001-1-14
86,112,45,comforter,1,good,1,0.3,2001-1-14
87,113,46,comforter,1,good,0,4.7,2001-1-14
88,117,47,comforter,1,good,0,4.9,2001-1-14
89,118,48,comforter,1,good,1,0.1,2001-1-14
90,119,49,comforter,1,good,0,4.6,2001-1-14
91,102,50,comforter,1,good,0,4.5,2001-1-14
92,104,51,comforter,1,good,0,4.6,2001-1-14
93,106,52,comforter,1,good,1,0,2001-1-14
94,108,53,comforter,1,good,0,4.8,2001-1-14
95,109,54,comforter,1,good,1,0.3,2001-1-14
96,112,55,comforter,1,good,0,4.5,2001-1-14
97,113,56,comforter,1,good,1,0,2001-1-14
98,117,57,comforter,1,good,0,4.8,2001-1-14
99,118,58,comforter,1,good,0,4.9,2001-1-14
100,119,59,comforter,1,good,0,4.7,2001-1-14
101,102,60,comforter,1,good,1,0.2,2001-1-14
102,104,61,comforter,1,good,1,0.2,2001-1-14
103,106,11,comforter,1,good,1,0.4,2001-2-14
104,108,12,comforter,1,good,0,4.9,2001-2-14
105,109,13,comforter,1,good,1,0.1,2001-2-14
106,112,14,comforter,1,good,0,4.9,2001-2-14
107,113,15,comforter,1,good,1,0.4,2001-2-14
108,117,16,comforter,1,good,1,0.3,2001-2-14
109,118,17,comforter,1,good,0,4.5,2001-2-14
110,119,18,comforter,1,good,0,4.8,2001-2-14
111,102,19,comforter,1,good,1,0.3,2001-2-14
112,104,20,comforter,1,good,1,0.2,2001-2-14
113,106,21,comforter,1,good,1,0.1,2001-2-14
114,108,22,comforter,1,good,1,0.2,2001-2-14
115,109,23,comforter,1,good,1,0.4,2001-2-14
116,112,24,comforter,1,good,0,4.9,2001-2-14
117,113,25,comforter,1,good,1,0.4,2001-2-14
118,117,26,comforter,1,good,0,4.8,2001-2-14
119,118,27,comforter,1,good,1,0.2,2001-2-14
120,119,28,comforter,1,good,0,4.6,2001-2-14
121,102,29,comforter,1,good,1,0.4,2001-2-14
122,104,30,comforter,1,good,1,0.2,2001-2-14
123,106,31,comforter,1,good,1,0,2001-2-14
124,108,32,comforter,1,good,0,4.8,2001-2-14
125,109,33,comforter,1,good,1,0.4,2001-2-14
126,112,34,comforter,1,good,1,0.2,2001-2-14
127,113,35,comforter,1,good,0,4.5,2001-2-14
128,117,36,comforter,1,good,0,4.7,2001-2-14
129,118,37,comforter,1,good,1,0.4,2001-2-14
130,119,38,comforter,1,good,1,0.3,2001-2-14
131,102,39,comforter,1,good,1,0,2001-2-14
132,104,40,comforter,1,good,0,4.9,2001-2-14
133,106,41,comforter,1,good,1,0.3,2001-2-14
134,108,42,comforter,1,good,0,4.6,2001-2-14
135,109,43,comforter,1,good,1,0.1,2001-2-14
136,112,44,comforter,1,good,0,4.8,2001-2-14
137,113,45,comforter,1,good,1,0.2,2001-2-14
138,117,46,comforter,1,good,1,0,2001-2-14
139,118,47,comforter,1,good,1,0.1,2001-2-14
140,119,48,comforter,1,good,1,0.3,2001-2-14
141,102,49,comforter,1,good,1,0.2,2001-2-14
142,104,50,comforter,1,good,1,0.4,2001-2-14
143,106,51,comforter,1,good,0,4.6,2001-2-14
144,108,52,comforter,1,good,0,4.9,2001-2-14
145,109,53,comforter,1,good,1,0,2001-2-14
146,112,54,comforter,1,good,0,4.5,2001-2-14
147,113,55,comforter,1,good,1,0.2,2001-2-14
148,117,56,comforter,1,good,0,4.9,2001-2-14
149,118,57,comforter,1,good,1,0.4,2001-2-14
150,119,58,comforter,1,good,1,0.1,2001-2-14
151,102,59,comforter,1,good,1,0,2001-2-14
152,104,60,comforter,1,good,0,4.8,2001-2-14
153,106,61,comforter,1,good,1,0.2,2001-2-14
154,108,11,comforter,1,good,1,0.2,2001-2-14
155,109,12,comforter,1,good,0,4.5,2001-2-14
156,112,13,comforter,1,good,1,0.2,2001-2-14
157,113,14,comforter,1,good,1,0.2,2001-2-14
158,117,15,comforter,1,good,1,0,2001-2-14
159,118,16,comforter,1,good,1,0,2001-2-14
160,119,17,comforter,1,good,0,4.9,2001-2-14
161,102,18,comforter,1,good,1,0.2,2001-2-14
162,104,19,comforter,1,good,0,4.6,2001-2-14
163,106,20,comforter,1,good,0,4.9,2001-2-14
164,108,21,comforter,1,good,0,4.7,2001-2-14
165,109,22,comforter,1,good,1,0,2001-2-14
166,112,23,comforter,1,good,0,4.7,2001-2-14
167,113,24,comforter,1,good,0,4.8,2001-2-14
168,117,25,comforter,1,good,0,4.8,2001-2-14
169,118,26,comforter,1,good,1,0,2001-2-14
170,119,27,comforter,1,good,0,4.7,2001-2-14
171,102,28,comforter,1,good,1,0,2001-2-14
172,104,29,comforter,1,good,1,0.4,2001-2-14
173,106,30,comforter,1,good,1,0.3,2001-2-14
174,108,31,comforter,1,good,0,4.9,2001-2-14
175,109,32,comforter,1,good,1,0,2001-2-14
176,112,33,comforter,1,good,0,4.8,2001-2-14
177,113,34,comforter,1,good,1,0.4,2001-2-14
178,117,35,comforter,1,good,1,0,2001-2-14
179,118,36,comforter,1,good,1,0.3,2001-2-14
180,119,37,comforter,1,good,0,4.9,2001-2-14
181,102,38,comforter,1,good,1,0,2001-2-14
182,104,39,comforter,1,good,1,0.1,2001-2-14
183,106,40,comforter,1,good,1,0.3,2001-2-14
184,108,41,comforter,1,good,0,4.7,2001-2-14
185,109,42,comforter,1,good,0,4.5,2001-2-14
186,112,43,comforter,1,good,1,0,2001-2-14
187,113,44,comforter,1,good,1,0.2,2001-2-14
188,117,45,comforter,1,good,1,0,2001-2-14
189,118,46,comforter,1,good,0,4.9,2001-2-14
190,119,47,comforter,1,good,0,4.7,2001-2-14
191,102,48,comforter,1,good,1,0.1,2001-2-14
192,104,49,comforter,1,good,0,4.9,2001-2-14
193,106,50,comforter,1,good,1,0,2001-2-14
194,108,51,comforter,1,good,1,0.3,2001-2-14
195,109,52,comforter,1,good,0,4.5,2001-2-14
196,112,53,comforter,1,good,1,0,2001-2-14
197,113,54,comforter,1,good,1,0.1,2001-2-14
198,117,55,comforter,1,good,1,0.4,2001-2-14
199,118,56,comforter,1,good,1,0.3,2001-2-14
200,119,57,comforter,1,good,1,0.3,2001-2-14
201,102,58,comforter,1,good,0,4.6,2001-2-14
202,104,59,comforter,1,good,0,4.7,2001-2-14
203,106,60,comforter,1,good,1,0.3,2001-2-14
204,108,61,comforter,1,good,1,0.1,2001-2-14
205,109,11,comforter,1,good,1,0.3,2001-3-14
206,112,12,comforter,1,good,0,4.8,2001-3-14
207,113,13,comforter,1,good,1,0.4,2001-3-14
208,117,14,comforter,1,good,1,0,2001-3-14
209,118,15,comforter,1,good,1,0.4,2001-3-14
210,119,16,comforter,1,good,1,0.3,2001-3-14
211,102,17,comforter,1,good,1,0,2001-3-14
212,104,18,comforter,1,good,1,0.1,2001-3-14
213,106,19,comforter,1,good,0,4.7,2001-3-14
214,108,20,comforter,1,good,0,4.6,2001-3-14
215,109,21,comforter,1,good,1,0.4,2001-3-14
216,112,22,comforter,1,good,1,0.4,2001-3-14
217,113,23,comforter,1,good,1,0.4,2001-3-14
218,117,24,comforter,1,good,1,0.2,2001-3-14
219,118,25,comforter,1,good,1,0.1,2001-3-14
220,119,26,comforter,1,good,0,4.6,2001-3-14
221,102,27,comforter,1,good,1,0,2001-3-14
222,104,28,comforter,1,good,1,0.3,2001-3-14
223,106,29,comforter,1,good,0,4.5,2001-3-14
224,108,30,comforter,1,good,1,0.3,2001-3-14
225,109,31,comforter,1,good,1,0,2001-3-14
226,112,32,comforter,1,good,1,0,2001-3-14
227,113,33,comforter,1,good,1,0.3,2001-3-14
228,117,34,comforter,1,good,0,4.6,2001-3-14
229,118,35,comforter,1,good,1,0.4,2001-3-14
230,119,36,comforter,1,good,0,4.7,2001-3-14
231,102,37,comforter,1,good,1,0.4,2001-3-14
232,104,38,comforter,1,good,0,4.5,2001-3-14
233,106,39,comforter,1,good,1,0.3,2001-3-14
234,108,40,comforter,1,good,1,0,2001-3-14
235,109,41,comforter,1,good,1,0,2001-3-14
236,112,42,comforter,1,good,0,4.8,2001-3-14
237,113,43,comforter,1,good,1,0.4,2001-3-14
238,117,44,comforter,1,good,0,4.8,2001-3-14
239,118,45,comforter,1,good,1,0.4,2001-3-14
240,119,46,comforter,1,good,0,4.5,2001-3-14
241,102,47,comforter,1,good,1,0.4,2001-3-14
242,104,48,comforter,1,good,1,0.3,2001-3-14
243,106,49,comforter,1,good,1,0,2001-3-14
244,108,50,comforter,1,good,0,4.6,2001-3-14
245,109,51,comforter,1,good,1,0.1,2001-3-14
246,112,52,comforter,1,good,0,4.7,2001-3-14
247,113,53,comforter,1,good,1,0.4,2001-3-14
248,117,54,comforter,1,good,1,0.3,2001-3-14
249,118,55,comforter,1,good,1,0.3,2001-3-14
250,119,56,comforter,1,good,1,0.2,2001-3-14
251,102,57,comforter,1,good,1,0.3,2001-3-14
252,104,58,comforter,1,good,0,4.5,2001-3-14
253,106,59,comforter,1,good,1,0,2001-3-14
254,108,60,comforter,1,good,1,0.1,2001-3-14
255,109,61,comforter,1,good,1,0.4,2001-3-14
256,112,11,comforter,1,good,1,0.4,2001-3-14
257,113,12,comforter,1,good,1,0.2,2001-3-14
258,117,13,comforter,1,good,0,4.7,2001-3-14
259,118,14,comforter,1,good,1,0.1,2001-3-14
260,119,15,comforter,1,good,0,4.6,2001-3-14
261,102,16,comforter,1,good,1,0.2,2001-3-14
262,104,17,comforter,1,good,1,0.2,2001-3-14
263,106,18,comforter,1,good,0,4.6,2001-3-14
264,108,19,comforter,1,good,1,0,2001-3-14
265,109,20,comforter,1,good,1,0,2001-3-14
266,112,21,comforter,1,good,1,0.1,2001-3-14
267,113,22,comforter,1,good,0,4.6,2001-3-14
268,117,23,comforter,1,good,1,0.4,2001-3-14
269,118,24,comforter,1,good,1,0.4,2001-3-14
270,119,25,comforter,1,good,0,4.7,2001-3-14
271,102,26,comforter,1,good,1,0,2001-3-14
272,104,27,comforter,1,good,1,0,2001-3-14
273,106,28,comforter,1,good,1,0,2001-3-14
274,108,29,comforter,1,good,0,4.7,2001-3-14
275,109,30,comforter,1,good,1,0.4,2001-3-14
276,112,31,comforter,1,good,1,0.2,2001-3-14
277,113,32,comforter,1,good,1,0,2001-3-14
278,117,33,comforter,1,good,1,0.3,2001-3-14
279,118,34,comforter,1,good,1,0.1,2001-3-14
280,119,35,comforter,1,good,1,0.2,2001-3-14
281,102,36,comforter,1,good,1,0.4,2001-3-14
282,104,37,comforter,1,good,0,4.8,2001-3-14
283,106,38,comforter,1,good,1,0.3,2001-3-14
284,108,39,comforter,1,good,0,4.7,2001-3-14
285,109,40,comforter,1,good,1,0.2,2001-3-14
286,112,41,comforter,1,good,0,4.5,2001-3-14
287,113,42,comforter,1,good,0,4.8,2001-3-14
288,117,43,comforter,1,good,1,0.2,2001-3-14
289,118,44,comforter,1,good,1,0.4,2001-3-14
290,119,45,comforter,1,good,0,4.5,2001-3-14
291,102,46,comforter,1,good,0,4.9,2001-3-14
292,104,47,comforter,1,good,1,0.2,2001-3-14
293,106,48,comforter,1,good,0,4.9,2001-3-14
294,108,49,comforter,1,good,0,4.8,2001-3-14
295,109,50,comforter,1,good,1,0.3,2001-3-14
296,112,51,comforter,1,good,1,0.4,2001-3-14
297,113,52,comforter,1,good,0,4.5,2001-3-14
298,117,53,comforter,1,good,1,0.4,2001-3-14
299,118,54,comforter,1,good,1,0,2001-3-14
300,119,55,comforter,1,good,1,0.1,2001-3-14
301,102,56,comforter,1,good,1,0.2,2001-3-14
302,104,57,comforter,1,good,1,0.1,2001-3-14
303,106,58,comforter,1,good,1,0.2,2001-3-14
304,108,59,comforter,1,good,0,4.5,2001-3-14
305,109,60,comforter,1,good,0,4.8,2001-3-14
306,112,61,comforter,1,good,1,0.4,2001-3-14
307,113,11,comforter,1,good,1,0.1,2001-4-14
308,117,12,comforter,1,good,1,0.3,2001-4-14
309,118,13,comforter,1,good,1,0.1,2001-4-14
310,119,14,comforter,1,good,0,4.9,2001-4-14
311,102,15,comforter,1,good,1,0.1,2001-4-14
312,104,16,comforter,1,good,0,4.8,2001-4-14
313,106,17,comforter,1,good,1,0.1,2001-4-14
314,108,18,comforter,1,good,0,4.8,2001-4-14
315,109,19,comforter,1,good,0,4.7,2001-4-14
316,112,20,comforter,1,good,0,4.8,2001-4-14
317,113,21,comforter,1,good,1,0,2001-4-14
318,117,22,comforter,1,good,0,4.9,2001-4-14
319,118,23,comforter,1,good,1,0.3,2001-4-14
320,119,24,comforter,1,good,0,4.8,2001-4-14
321,102,25,comforter,1,good,1,0.1,2001-4-14
322,104,26,comforter,1,good,1,0.4,2001-4-14
323,106,27,comforter,1,good,1,0,2001-4-14
324,108,28,comforter,1,good,0,4.6,2001-4-14
325,109,29,comforter,1,good,0,4.6,2001-4-14
326,112,30,comforter,1,good,1,0.3,2001-4-14
327,113,31,comforter,1,good,1,0.4,2001-4-14
328,117,32,comforter,1,good,0,4.6,2001-4-14
329,118,33,comforter,1,good,1,0,2001-4-14
330,119,34,comforter,1,good,1,0.1,2001-4-14
331,102,35,comforter,1,good,1,0.2,2001-4-14
332,104,36,comforter,1,good,0,4.5,2001-4-14
333,106,37,comforter,1,good,0,4.6,2001-4-14
334,108,38,comforter,1,good,0,4.9,2001-4-14
335,109,39,comforter,1,good,1,0.4,2001-4-14
336,112,40,comforter,1,good,1,0.3,2001-4-14
337,113,41,comforter,1,good,1,0.2,2001-4-14
338,117,42,comforter,1,good,0,4.5,2001-4-14
339,118,43,comforter,1,good,1,0.3,2001-4-14
340,119,44,comforter,1,good,1,0,2001-4-14
341,102,45,comforter,1,good,1,0.2,2001-4-14
342,104,46,comforter,1,good,0,4.9,2001-4-14
343,106,47,comforter,1,good,1,0.2,2001-4-14
344,108,48,comforter,1,good,1,0.3,2001-4-14
345,109,49,comforter,1,good,1,0,2001-4-14
346,112,50,comforter,1,good,1,0.4,2001-4-14
347,113,51,comforter,1,good,1,0.1,2001-4-14
348,117,52,comforter,1,good,1,0.3,2001-4-14
349,118,53,comforter,1,good,1,0.1,2001-4-14
350,119,54,comforter,1,good,0,4.8,2001-4-14
351,102,55,comforter,1,good,1,0.2,2001-4-14
352,104,56,comforter,1,good,0,4.9,2001-4-14
353,106,57,comforter,1,good,0,4.5,2001-4-14
354,108,58,comforter,1,good,0,4.7,2001-4-14
355,109,59,comforter,1,good,1,0.3,2001-4-14
356,112,60,comforter,1,good,0,4.8,2001-4-14
357,113,61,comforter,1,good,1,0.4,2001-4-14
358,117,11,comforter,1,good,1,0.4,2001-4-14
359,118,12,comforter,1,good,1,0.2,2001-4-14
360,119,13,comforter,1,good,1,0.3,2001-4-14
361,102,14,comforter,1,good,1,0.4,2001-4-14
362,104,15,comforter,1,good,0,4.9,2001-4-14
363,106,16,comforter,1,good,1,0,2001-4-14
364,108,17,comforter,1,good,1,0.3,2001-4-14
365,109,18,comforter,1,good,1,0,2001-4-14
366,112,19,comforter,1,good,1,0.4,2001-4-14
367,113,20,comforter,1,good,1,0,2001-4-14
368,117,21,comforter,1,good,0,4.9,2001-4-14
369,118,22,comforter,1,good,1,0.2,2001-4-14
370,119,23,comforter,1,good,1,0.4,2001-4-14
371,102,24,comforter,1,good,1,0.4,2001-4-14
372,104,25,comforter,1,good,1,0.2,2001-4-14
373,106,26,comforter,1,good,1,0.4,2001-4-14
374,108,27,comforter,1,good,1,0.1,2001-4-14
375,109,28,comforter,1,good,1,0.4,2001-4-14
376,112,29,comforter,1,good,1,0.1,2001-4-14
377,113,30,comforter,1,good,1,0.4,2001-4-14
378,117,31,comforter,1,good,0,4.6,2001-4-14
379,118,32,comforter,1,good,0,4.9,2001-4-14
380,119,33,comforter,1,good,1,0.2,2001-4-14
381,102,34,comforter,1,good,1,0.1,2001-4-14
382,104,35,comforter,1,good,1,0.4,2001-4-14
383,106,36,comforter,1,good,0,4.6,2001-4-14
384,108,37,comforter,1,good,0,4.9,2001-4-14
385,109,38,comforter,1,good,1,0.3,2001-4-14
386,112,39,comforter,1,good,1,0.4,2001-4-14
387,113,40,comforter,1,good,1,0.3,2001-4-14
388,117,41,comforter,1,good,0,4.8,2001-4-14
389,118,42,comforter,1,good,1,0.1,2001-4-14
390,119,43,comforter,1,good,0,4.7,2001-4-14
391,102,44,comforter,1,good,0,4.9,2001-4-14
392,104,45,comforter,1,good,0,4.5,2001-4-14
393,106,46,comforter,1,good,1,0,2001-4-14
394,108,47,comforter,1,good,0,4.6,2001-4-14
395,109,48,comforter,1,good,1,0.4,2001-4-14
396,112,49,comforter,1,good,0,4.6,2001-4-14
397,113,50,comforter,1,good,1,0.4,2001-4-14
398,117,51,comforter,1,good,0,4.9,2001-4-14
399,118,52,comforter,1,good,1,0,2001-4-14
400,119,53,comforter,1,good,0,4.8,2001-4-14
401,102,54,comforter,1,good,1,0.4,2001-4-14
402,104,55,comforter,1,good,1,0,2001-4-14
403,106,56,comforter,1,good,1,0,2001-4-14
404,108,57,comforter,1,good,0,4.5,2001-4-14
405,109,58,comforter,1,good,1,0.3,2001-4-14
406,112,59,comforter,1,good,0,4.7,2001-4-14
407,113,60,comforter,1,good,1,0.4,2001-4-14
408,117,61,comforter,1,good,1,0.2,2001-4-14
