roomNo,inRoomBill,capacity,bedsNo,type,status
11,100,2,2,2 Queen beds,available
12,100,2,2,2 Queen beds,available
13,100,2,2,2 Queen beds,available
14,100,2,2,2 Queen beds,available
15,100,2,2,2 Queen beds,available
16,100,2,2,2 Queen beds,available
17,100,2,2,2 Queen beds,available
18,100,2,2,2 Queen beds,available
19,100,2,2,2 Queen beds,available
20,100,2,2,2 Queen beds,available
21,100,2,2,2 Queen beds,available
22,100,2,2,2 Queen beds,available
23,100,2,2,2 Queen beds,available
24,100,2,2,2 Queen beds,available
25,100,2,2,2 Queen beds,available
26,100,2,2,2 Queen beds,available
27,120,2,1,King Bed,available
28,120,2,1,King Bed,available
29,120,2,1,King Bed,available
30,120,2,1,King Bed,available
31,120,2,1,King Bed,available
32,120,2,1,King Bed,available
33,120,2,1,King Bed,available
34,120,2,1,King Bed,available
35,120,2,1,King Bed,available
36,120,2,1,King Bed,available
37,120,2,1,King Bed,available
38,120,2,1,King Bed,available
39,120,2,1,King Bed,available
40,120,2,1,King Bed,available
41,120,2,1,King Bed,available
42,120,2,1,King Bed,available
43,120,2,1,King Bed,available
44,120,2,1,King Bed,available
45,120,2,1,King Bed,available
46,120,2,1,King Bed,available
47,160,4,2,2 King Beds,available
48,160,4,2,2 King Beds,available
49,160,4,2,2 King Beds,available
50,160,4,2,2 King Beds,available
51,160,4,2,2 King Beds,available
52,160,4,2,2 King Beds,available
53,210,5,2,2 King Bed+sofabed,available
54,210,5,2,2 King Bed+sofabed,available
55,210,5,2,2 King Bed+sofabed,available
56,210,5,2,2 King Bed+sofabed,available
57,210,5,2,2 King Bed+sofabed,available
58,210,5,2,2 King Bed+sofabed,available
59,240,6,1,Suites,available
60,240,6,1,Suites,available
61,240,6,1,Suites,available