ssn,staffNo,position,workYear,name,address,phone,gender,salary
231-12-1241,103,server,6,Nicola,"93 Ivan st,worcester, MA",670229943,F,1500
860-32-3218,107,server,1,Norma,"121, MAtt st,worcester, MA",435102635,F,1400
653-76-5746,116,server,1,Accursius,"148 Steven st,worcester, MA",836635384,M,1400
420-43-1261,127,server,1,Elric,"78 Gene st,worcester, MA",999383940,M,1200
860-32-3217,101,manager,1,Natividad,"153 Vincent st,worcester, MA",950932786,F,1350
653-76-5745,110,guard,5,Janice,"74 Gary st,worcester, MA",658127762,F,1500
420-43-1259,114,guard,2,Aaren,"129 Omar st,worcester, MA",717165713,M,1500
231-12-1243,115,guard,3,Gaynor,"43 Bernard st,worcester, MA",903589359,M,1500
653-76-5748,129,guard,1,Desmond,"68 Egbert st,worcester, MA",962210166,M,1500
894-24-4357,124,driver,5,Roarke,"53 Carter st,worcester, MA",547988223,M,1200
894-24-4357,125,driver,5,Read,"63 Dave st,worcester, MA",547988223,M,1200
894-24-4358,131,driver,1,Jagger,"55 Colbert st,worcester, MA",605464353,M,1200
894-24-4359,132,driver,1,Olaf,"60 Christopher st,worcester, MA",124214600,M,1200
894-24-4360,133,driver,1,Zanipolo,"85 Harold st,worcester, MA",603022613,M,1200
894-24-4361,134,driver,1,Amulya,"135 Paddy st,worcester, MA",616130521,M,1200
420-43-1257,102,cleaner,1,Nelly,"10 Abel st,worcester, MA",326971775,F,1550
653-76-5744,104,cleaner,3,Nicole,"92 Hyman st,worcester, MA",403868171,F,1650
894-24-4354,106,cleaner,2,Nora,"88 Henry st,worcester, MA",941673181,F,1600
420-43-1258,108,cleaner,2,Jane,"122, MArk st,worcester, MA",599420397,F,1600
231-12-1242,109,cleaner,3,Janet,"39 Benson st,worcester, MA",389451343,F,1650
894-24-4355,112,cleaner,4,Deborah,"11 Alfred st,worcester, MA",869980253,F,1700
860-32-3219,113,cleaner,0,Deirdre,"32 Beacher st,worcester, MA",987462546,F,1500
124-65-3425,117,cleaner,0,Klaus,"102 Jay st,worcester, MA",498919390,M,1500
894-24-4356,118,cleaner,4,Ladom,"156 Will st,worcester, MA",370041775,M,1700
860-32-3220,119,cleaner,0,Stewart,"145 Scott st,worcester, MA",713023679,M,1500
420-43-1260,120,repairman,6,Chiamaka,"34 Barret st,worcester, MA",957578262,M,1800
653-76-5747,122,repairman,5,Renwick,"154 Will st,worcester, MA",427051266,M,1750
231-12-1245,128,repairman,5,Rigby,"90 Henry st,worcester, MA",285255209,M,1750
124-65-3423,105,cashier,2,Nina,"161 Winston st,worcester, MA",371027571,F,1400
124-65-3424,111,cashier,3,Jean,"5 Adam st,worcester, MA",804747746,F,1400
231-12-1244,121,cashier,2,Maddox,"48 Bowen st,worcester, MA",344178862,M,1400
124-65-3426,123,cashier,0,Ajatashatru,"51 Clare st,worcester, MA",154683132,M,1400
860-32-3221,126,cashier,4,Calixto,"51 Caesar st,worcester, MA",909494771,M,1400
124-65-3427,130,cashier,4,Francesco,"80 Gene st,worcester, MA",600660613,M,1400
